,name,title,qauntity,price
1,,2Blink Eye Drops,2Blink Eye Drops,Rs.362.00
2,,2Sum Injection 2g 1 Vial,2Sum Injection 2g 1 Vial,Rs.440.00
3,,7ILVER SEAS 3CAPS 1'S,7ILVER SEAS 3CAPS 1'S,Rs.285.00
4,,7ILVER SEAS 6CAPS 1'S,7ILVER SEAS 6CAPS 1'S,Rs.490.00
5,A-Glip ,A-Glip 100mg Tab.,100mg Tab.,Rs.225.41
6,A-Glip ,A-Glip 50mg Tab.,50mg Tab.,Rs.170.70
7,A-Max Oral Drops,A-Max Oral Drops,N/A,Rs.380.00
8,A-Tone Cream ,A-Tone Cream 25G,25G,Rs.696.00
9,A,A2A Tablets 50mg 20's,2A Tablets 50mg 20's,Rs.471.00
10,Aaram Caps,Aaram Caps. 50mg,50mg,Rs.55.00
11,Abacus ,Abacus 40mg/5ml Syp,40mg/5ml Syp,Rs.215.00
12,Abnil Capsules ,Abnil Capsules 120mg 30's,120mg 30's,"Rs.1,533.74"
13,Abocal Tab Effervescent ,Abocal Tab Effervescent 10's,10's,Rs.196.80
14,ABOCRAN SACHET ,ABOCRAN SACHET 10'S,10'S,Rs.348.00
15,Acd Plus Drops,Acd Plus Drops,N/A,Rs.409.50
16,Acdermin Gel,Acdermin Gel,N/A,Rs.278.00
17,Ace ,Ace 25mg Capsules 30's,25mg Capsules 30's,"Rs.1,650.00"
18,Acebex Capsules ,Acebex Capsules 20's,20's,Rs.280.00
19,Aceclofenac,Aceclofenac,N/A,Rs.290.10
20,Acefer Syrup ,Acefer Syrup 120ml,120ml,Rs.167.41
21,Acefyl ,Acefyl 125ml Syp,125ml Syp,Rs.97.64
22,ACEFYL COUGH ,ACEFYL COUGH 125ML SYP 1'S,125ML SYP 1'S,Rs.92.37
23,Acenac Sr Tablets ,Acenac Sr Tablets 200mg 30's,200mg 30's,Rs.375.00
24,Acenac Tab ,Acenac Tab 100 MG 3x10's,100 MG 3x10's,Rs.348.00
25,Ascard Tab ,Ascard Tab 75 MG 3x10's,75 MG 3x10's,Rs.20.70
26,Norvasc Tablets ,Norvasc Tablets 5mg 30's,5mg 30's,Rs.460.50
27,Concor Tab ,Concor Tab 5 MG 14's,5 MG 14's,Rs.256.00
28,Concor Tab ,Concor Tab 2.5 MG 14's,2.5 MG 14's,Rs.128.40
29,LIPIGET TAB ,LIPIGET TAB 10 MG 10'S,10 MG 10'S,Rs.225.00
30,X-PLENDED TAB ,X-PLENDED TAB 10 MG 10'S,10 MG 10'S,Rs.289.67
31,LIPIGET TAB ,LIPIGET TAB 20 MG 10'S,20 MG 10'S,Rs.425.00
32,LOPRIN TAB ,LOPRIN TAB 75 MG 30'S,75 MG 30'S,Rs.16.53
33,TENORMIN TAB ,TENORMIN TAB 50 MG 14'S,50 MG 14'S,Rs.131.74
34,LOWPLAT TAB ,LOWPLAT TAB 75 MG 10'S,75 MG 10'S,Rs.195.36
35,ROVISTA TAB ,ROVISTA TAB 10 MG 10'S,10 MG 10'S,Rs.308.16
36,X-Plended Tablets ,X-Plended Tablets 20mg 10's,20mg 10's,Rs.470.00
37,Extor Tablets ,Extor Tablets 5/80mg 14's,5/80mg 14's,Rs.330.96
38,Co-Eziday ,Co-Eziday 50mg 2X10's,50mg 2X10's,Rs.390.00
39,Eziday ,Eziday 50mg 1X20's,50mg 1X20's,Rs.365.00
40,NEBIL TAB ,NEBIL TAB 5 MG 14'S,5 MG 14'S,Rs.129.00
41,Sofvasc Tablets ,Sofvasc Tablets 5mg 30's,5mg 30's,Rs.146.25
42,Inderal Tab ,Inderal Tab 10 MG 50's,10 MG 50's,Rs.107.01
43,Norvasc Tablets ,Norvasc Tablets 10mg 2X10's,10mg 2X10's,Rs.929.80
44,Hydralazine Hcl ,Hydralazine Hcl 25mg 2X10's,25mg 2X10's,Rs.34.40
45,Lowplat Plus Tablets ,Lowplat Plus Tablets 75/75mg 10's,75/75mg 10's,Rs.266.00
46,Eziday ,Eziday 25mg 1X20's,25mg 1X20's,Rs.231.00
47,Rovista Tablets ,Rovista Tablets 5mg 10's,5mg 10's,Rs.184.89
48,Ascard Plus Tablets ,Ascard Plus Tablets 75/75mg 10's,75/75mg 10's,Rs.196.30
49,RIVOTRIL TAB ,RIVOTRIL TAB 0.5 MG 50'S,0.5 MG 50'S,Rs.44.17
50,Epival ,Epival 250mg Syrup 120ml,250mg Syrup 120ml,Rs.191.23
51,Lexotanil Tablets ,Lexotanil Tablets 3mg 3X10's,3mg 3X10's,Rs.85.11
52,RIVOTRIL TAB ,RIVOTRIL TAB 2 MG 30'S,2 MG 30'S,Rs.102.40
53,Epival Tablets Cr ,Epival Tablets Cr 500mg 5X10's,500mg 5X10's,Rs.200.00
54,Alp Tablets ,Alp Tablets 0.25mg 3X10's,0.25mg 3X10's,Rs.51.00
55,TEGRAL TAB ,TEGRAL TAB 200 MG 5X10'S,200 MG 5X10'S,Rs.239.73
56,Serc Tablets ,Serc Tablets 8mg 30's,8mg 30's,Rs.112.16
57,Serc Tablets ,Serc Tablets 16mg 30's,16mg 30's,Rs.585.50
58,Xanax Tablets ,Xanax Tablets 0.5mg 3X10's,0.5mg 3X10's,Rs.253.00
59,NAZE ,NAZE 0.5 MG TAB 50'S,0.5 MG TAB 50'S,Rs.34.90
60,Xanax Tablets ,Xanax Tablets 0.25mg 3X10's,0.25mg 3X10's,Rs.60.40
61,XANAX TAB ,XANAX TAB 1 MG 3X10'S,1 MG 3X10'S,Rs.167.50
62,Motival Tablets ,Motival Tablets 100's,100's,Rs.317.00
63,DORMICUM ,DORMICUM 7.5MG TAB 10'S,7.5MG TAB 10'S,Rs.16.32
64,TRYPTANOL TAB ,TRYPTANOL TAB 25 MG 10X10'S,25 MG 10X10'S,Rs.195.92
65,SERT TAB ,SERT TAB 50 MG 10'S,50 MG 10'S,Rs.328.64
66,Cipralex ,Cipralex 10mg Tablets 14's,10mg Tablets 14's,"Rs.1,022.00"
67,SINEMET ,SINEMET 25/250MG TAB 100S,25/250MG TAB 100S,"Rs.2,106.11"
68,Distalgesic Tab ,Distalgesic Tab 10's,10's,Rs.159.00
69,Citanew Tab ,Citanew Tab 10 MG 14's,10 MG 14's,Rs.350.00
70,Qusel Tablets ,Qusel Tablets 25mg 30's,25mg 30's,Rs.161.77
71,FLUX ,FLUX 20MG CAP 14'S,20MG CAP 14'S,Rs.274.96
72,Calpol Pead Suspension ,Calpol Pead Suspension 100ml,100ml,Rs.86.27
73,Folic Acid ,Folic Acid 5mg Tablets 100's,5mg Tablets 100's,Rs.58.00
74,FEFOLVIT SPANSULE CAPS ,FEFOLVIT SPANSULE CAPS 56'S,56'S,Rs.65.79
75,HCQ Tab ,HCQ Tab 200 MG 30's,200 MG 30's,Rs.137.75
76,NORMAL SALINE AMPULE ,NORMAL SALINE AMPULE 25CC 1'S,25CC 1'S,Rs.22.14
77,IBERET FOLIC-,IBERET FOLIC-500 GRAD TAB 30'S,500 GRAD TAB 30'S,Rs.178.67
78,SANGOBION CAP ,SANGOBION CAP 3X10'S,3X10'S,Rs.50.00
79,Clexane Inj ,Clexane Inj 40 MG 2's,40 MG 2's,"Rs.1,001.80"
80,Peditral Orange Sachet ,Peditral Orange Sachet 25's,25's,Rs.463.50
81,Peditral Oral Soln Orange ,Peditral Oral Soln Orange 500ml,500ml,Rs.85.49
82,Myfol Tablets ,Myfol Tablets 30S 30,30S 30,Rs.466.80
83,Adfolic ,Adfolic 600mcg Od Tablets 30,600mcg Od Tablets 30,Rs.552.00
84,Gynaecosid Tablets ,Gynaecosid Tablets 2's,2's,Rs.54.84
85,Peditral Lemon Sachet ,Peditral Lemon Sachet 25's,25's,Rs.463.75
86,Polymalt-F Tablets ,Polymalt-F Tablets 30's,30's,Rs.111.60
87,Xcept ,Xcept 10mg Tablet,10mg Tablet,Rs.370.00
88,Maxfol ,Maxfol 400mg Tablets 30's,400mg Tablets 30's,Rs.394.50
89,Oxyclor ,Oxyclor 200mg Tablets 30's,200mg Tablets 30's,Rs.383.40
90,Clexane Injection ,Clexane Injection 60mg 2's,60mg 2's,"Rs.1,283.67"
91,Maltofer Fol Tablets ,Maltofer Fol Tablets 30's,30's,Rs.156.20
92,Maltofer Syrup ,Maltofer Syrup 120ml,120ml,Rs.298.79
93,Xcept ,Xcept 20mg Tablet,20mg Tablet,Rs.378.00
94,Nisf Normal Saline ,Nisf Normal Saline 500ml,500ml,Rs.44.10
95,Ferfer Sachet ,Ferfer Sachet 30,30,Rs.630.00
96,Maxfol ,Maxfol 600mg Tablets 30's,600mg Tablets 30's,Rs.342.00
97,Eventone-C Cream,Eventone-C Cream,N/A,"Rs.1,395.00"
98,Duac Gel ,Duac Gel 15g,15g,Rs.795.00
99,Suncoat Gel ,Suncoat Gel 35G,35G,"Rs.1,085.00"
100,BIOFAD ,BIOFAD 30GM CREAM 1'S,30GM CREAM 1'S,Rs.945.00
101,Aklen Foaming Cleanser ,Aklen Foaming Cleanser 120ml 1S,120ml 1S,"Rs.1,250.00"
102,Fair & Pink Glow Cream SPF-,Fair & Pink Glow Cream SPF-30,30,Rs.803.00
103,Clobevate Cream ,Clobevate Cream 10 gm,10 gm,Rs.94.43
104,Minoxin Soln Plus ,Minoxin Soln Plus 5 % 60 ml,5 % 60 ml,Rs.811.37
105,SKIN A CREAM ,SKIN A CREAM 10 GM,10 GM,Rs.125.00
106,Solaris Ultra Cream,Solaris Ultra Cream,N/A,Rs.695.00
107,Skinoren Cream ,Skinoren Cream 20 % 10g,20 % 10g,Rs.349.00
108,DERMOTEEN WHITENING CREAM,DERMOTEEN WHITENING CREAM,N/A,Rs.619.41
109,Niacin Gel ,Niacin Gel 30mg,30mg,Rs.450.00
110,Priorin Capsules ,Priorin Capsules 60s,60s,"Rs.3,790.20"
111,Acdermin Gel,Acdermin Gel,N/A,Rs.278.00
112,BETNOVATE-N CREAM ,BETNOVATE-N CREAM 20 GM,20 GM,Rs.86.24
113,Florence Whitening Cream,Florence Whitening Cream,N/A,"Rs.1,250.00"
114,U-Veil Forte Cream,U-Veil Forte Cream,N/A,Rs.411.00
115,TRAVOCORT CREAM ,TRAVOCORT CREAM 10 GM,10 GM,Rs.193.00
116,EVENTONE-C TABS ,EVENTONE-C TABS 10'S,10'S,"Rs.1,550.00"
117,Glutamax ,Glutamax 500mg Capsules 30s,500mg Capsules 30s,"Rs.4,500.00"
118,ARYNOIN ,ARYNOIN 20MG CAPS 30'S,20MG CAPS 30'S,Rs.816.70
119,Contractubex Gel ,Contractubex Gel 20g,20g,Rs.276.61
120,Canesten Topical Cream ,Canesten Topical Cream 1 % 10 gm,1 % 10 gm,Rs.70.72
121,Glucophage Tab ,Glucophage Tab 500 MG 5x10's,500 MG 5x10's,Rs.135.00
122,Duphaston Tab ,Duphaston Tab 10 MG 2x10's,10 MG 2x10's,Rs.414.00
123,Thyroxine Tablets ,Thyroxine Tablets 50mcg 100's,50mcg 100's,Rs.164.64
124,SITA MET TAB ,SITA MET TAB 50/500 MG 14'S,50/500 MG 14'S,Rs.206.00
125,Diamicron Mr Tablets ,Diamicron Mr Tablets 60mg 2X10's,60mg 2X10's,Rs.440.80
126,MIXTARD ,MIXTARD 30HM PEN 100IU 3ML 1'S,30HM PEN 100IU 3ML 1'S,Rs.359.37
127,Glucophage Xr,Glucophage Xr750mg 30's,750mg 30's,Rs.214.20
128,Getryl Tab ,Getryl Tab 2 MG 2x10's,2 MG 2x10's,Rs.130.00
129,Glucophage Tab ,Glucophage Tab 250 MG 5x10's,250 MG 5x10's,Rs.15.68
130,Diamicron Mr Tablets ,Diamicron Mr Tablets 30mg 2X10's,30mg 2X10's,Rs.307.00
131,Vildomet ,Vildomet 50/850mg Tablets 14s,50/850mg Tablets 14s,Rs.198.00
132,NEODIPAR TAB ,NEODIPAR TAB 500 MG 5X10'S,500 MG 5X10'S,Rs.24.60
133,SITAGLU MET TAB ,SITAGLU MET TAB 50/500 MG 14'S,50/500 MG 14'S,Rs.207.48
134,TREVIAMET TAB ,TREVIAMET TAB 50/500 MG 14'S,50/500 MG 14'S,Rs.217.50
135,Diane ,Diane 35 Tab 21's,35 Tab 21's,Rs.452.76
136,SITA MET TAB ,SITA MET TAB 50/1000 MG 14'S,50/1000 MG 14'S,Rs.423.00
137,Amaryl Tablets ,Amaryl Tablets 2mg 3X10's,2mg 3X10's,Rs.466.00
138,Getryl Tab ,Getryl Tab 4 MG 2x10's,4 MG 2x10's,Rs.256.50
139,Treviamet Xr ,Treviamet Xr 50/500mg 14's,50/500mg 14's,Rs.259.98
140,SITA TAB ,SITA TAB 50 MG 14'S,50 MG 14'S,Rs.187.50
141,Glucophage Tab ,Glucophage Tab 850 MG 3x10's,850 MG 3x10's,Rs.137.10
142,Amaryl Tablets ,Amaryl Tablets 4mg 3X10's,4mg 3X10's,Rs.466.00
143,Amaryl Tab ,Amaryl Tab 1 MG 3x10's,1 MG 3x10's,Rs.117.50
144,INOSITA PLUS ,INOSITA PLUS 50/500MG TAB 28'S,50/500MG TAB 28'S,Rs.790.00
145,Xalatan Eye Drop ,Xalatan Eye Drop 2.5ml,2.5ml,"Rs.1,691.05"
146,Cosopt Eye Drop ,Cosopt Eye Drop 5ml,5ml,"Rs.1,405.53"
147,Betnesol Drop ,Betnesol Drop 7.5ml,7.5ml,Rs.52.57
148,Ocudine Eye Drop ,Ocudine Eye Drop 0.2 % 5ml,0.2 % 5ml,Rs.407.08
149,Betnesol-N Drop ,Betnesol-N Drop 7.5ml,7.5ml,Rs.52.57
150,Combigan Eye Drop ,Combigan Eye Drop 5 ml,5 ml,Rs.642.84
151,Alphagan Eye Drop ,Alphagan Eye Drop 5ml,5ml,Rs.609.73
152,Travatan ,Travatan 2.5ml,2.5ml,"Rs.1,289.96"
153,MYDRIACYL ,MYDRIACYL 1% DROP 15ML 1'S,1% DROP 15ML 1'S,Rs.281.60
154,Nevanac ,Nevanac 0.1% 5ml Drop,0.1% 5ml Drop,Rs.480.00
155,Xepat Forte Hcl ,Xepat Forte Hcl 0.2% 5ml,0.2% 5ml,Rs.579.09
156,NAVIDOXINE TABLETS,NAVIDOXINE TABLETS,N/A,Rs.32.90
157,Co-Dorzal Opthal Sol ,Co-Dorzal Opthal Sol 5ml,5ml,Rs.954.63
158,Xalacom Eye Drop ,Xalacom Eye Drop 2.5ml,2.5ml,"Rs.1,620.15"
159,Cipocaine Ear Drop ,Cipocaine Ear Drop 5ml,5ml,Rs.127.28
160,Lumigan Eye Drop ,Lumigan Eye Drop 3ml,3ml,"Rs.1,481.21"
161,Azopt Drop ,Azopt Drop 5ml,5ml,"Rs.1,112.91"
162,Tobrex Eye Drop ,Tobrex Eye Drop 5ml,5ml,Rs.253.00
163,Visol Gel ,Visol Gel 10g,10g,Rs.183.67
164,Synigan Eye Drop ,Synigan Eye Drop 5ml,5ml,Rs.762.00
165,Deximox Eye Drop ,Deximox Eye Drop 5ml,5ml,Rs.318.22
166,FEMICON ,FEMICON 5ML EYE DROP 1'S,5ML EYE DROP 1'S,Rs.95.00
167,,2Blink Eye Drops,2Blink Eye Drops,Rs.362.00
168,Blephamide Eye Drop ,Blephamide Eye Drop 5ml,5ml,Rs.88.22
169,Risek Capsules ,Risek Capsules 20mg 2X7's,20mg 2X7's,Rs.147.49
170,SOFTIN TAB ,SOFTIN TAB 1X10'S,1X10'S,Rs.77.60
171,RISEK CAP ,RISEK CAP 40 MG 14'S,40 MG 14'S,Rs.210.00
172,Flagyl Tablets ,Flagyl Tablets 400mg 20X10's,400mg 20X10's,Rs.24.22
173,Duphalac Syp ,Duphalac Syp 240ML 1's,240ML 1's,Rs.432.44
174,MOTILIUM TAB ,MOTILIUM TAB 5X10'S,5X10'S,Rs.68.40
175,NEXUM CAP ,NEXUM CAP 40 MG 2X7'S,40 MG 2X7'S,Rs.240.00
176,NEXUM CAP ,NEXUM CAP 20 MG 2X7'S,20 MG 2X7'S,Rs.135.24
177,RISEK INSTA POWD ,RISEK INSTA POWD 20MG 10'S,20MG 10'S,Rs.181.32
178,HADENSA COMFORT OINT ,HADENSA COMFORT OINT 25G 1'S,25G 1'S,Rs.300.00
179,Imodium Cap ,Imodium Cap 10x6's,10x6's,Rs.46.90
180,Ivermite ,Ivermite 6mg tablets,6mg tablets,Rs.375.00
181,Ruling Capsules ,Ruling Capsules 20mg 14's,20mg 14's,Rs.105.27
182,Envepe Tab ,Envepe Tab 3x10's,3x10's,Rs.204.00
183,Gravinate Tablets ,Gravinate Tablets 100's,100's,Rs.12.90
184,ORSLIM CAP ,ORSLIM CAP 120 MG 30'S,120 MG 30'S,Rs.600.00
185,Esso ,Esso 40 Caps 14's,40 Caps 14's,Rs.440.02
186,Esso ,Esso 20 Capsules 14's,20 Capsules 14's,Rs.235.20
187,Colofac Tab ,Colofac Tab 30's,30's,Rs.116.74
188,RISEK INSTA POWD ,RISEK INSTA POWD 40MG 10'S,40MG 10'S,Rs.292.40
189,SULVORID ,SULVORID 25MG TAB 20'S,25MG TAB 20'S,Rs.112.60
190,Ruling Capsules ,Ruling Capsules 40mg 14's,40mg 14's,Rs.182.50
191,Entamizole Tablets Ds ,Entamizole Tablets Ds 15's,15's,Rs.113.70
192,LILAC SUSP ,LILAC SUSP 120 ML,120 ML,Rs.230.69
193,Kestine Tab ,Kestine Tab 10 MG 10's,10 MG 10's,Rs.245.70
194,Danzen Tablets Ds ,Danzen Tablets Ds 10mg 2X10's,10mg 2X10's,Rs.215.00
195,MYOFOLIC SACHETS ,MYOFOLIC SACHETS 15'S,15'S,Rs.900.00
196,Deltacortril EC Tablets ,Deltacortril EC Tablets 100's,100's,Rs.338.08
197,Enziclor M,Enziclor M/W,N/A,Rs.241.56
198,BONNISAN SYP NEW ,BONNISAN SYP NEW 1'S,1'S,Rs.350.00
199,Kestine Tab ,Kestine Tab 20 MG 10's,20 MG 10's,Rs.296.20
200,RAPICORT ,RAPICORT 5MG 100'S,5MG 100'S,Rs.31.61
201,Ovitex Capsules ,Ovitex Capsules 30's,30's,"Rs.1,500.00"
202,Doltee Teething Drop ,Doltee Teething Drop 10 ml,10 ml,Rs.40.00
203,Clindamax Gel ,Clindamax Gel 10 G,10 G,Rs.141.47
204,Nolvadex Tablets ,Nolvadex Tablets 10mg 30's,10mg 30's,Rs.211.00
205,Roxvita Tablets ,Roxvita Tablets 30's,30's,Rs.480.00
206,MEXADERM TABLET ,MEXADERM TABLET 20'S,20'S,Rs.200.00
207,PICNO PLUS TABLETS ,PICNO PLUS TABLETS 20'S,20'S,Rs.350.00
208,Fml Liquifilm Str,Fml Liquifilm Str. Opth. Susp,N/A,Rs.78.80
209,Lefora Tab ,Lefora Tab 20 MG 30's,20 MG 30's,Rs.445.00
210,Femicyd Feminine Wash,Femicyd Feminine Wash,N/A,Rs.440.00
211,Augmentin Ds ,Augmentin Ds 312mg Syrup 90ml,312mg Syrup 90ml,Rs.292.12
212,Cosvit Tablets ,Cosvit Tablets 20's,20's,Rs.347.50
213,Klaricid Tablets Xl ,Klaricid Tablets Xl 500mg 5's,500mg 5's,Rs.396.05
214,REGNUM MEN TAB ,REGNUM MEN TAB 1'S,1'S,Rs.810.00
215,Cara Tablets ,Cara Tablets 20mg 30's,20mg 30's,Rs.447.80
216,Augmentin Suspension ,Augmentin Suspension 156.25mg 90ml,156.25mg 90ml,Rs.179.59
217,Myteka Tablets ,Myteka Tablets 10mg 14's,10mg 14's,Rs.200.00
218,Rigix Tablets ,Rigix Tablets 30's,30's,Rs.219.56
219,Arinac Tab Forte ,Arinac Tab Forte 400 MG 10x10's,400 MG 10x10's,Rs.80.59
220,ZYRTEC TABLET ,ZYRTEC TABLET 30'S,30'S,Rs.94.91
221,Hydryllin Syrup ,Hydryllin Syrup 120ml,120ml,Rs.69.00
222,Arinac Suspension ,Arinac Suspension 90ml,90ml,Rs.89.30
223,Floaid ,Floaid 10mg Chewable Tablets 14's,10mg Chewable Tablets 14's,Rs.359.94
224,VENTOLIN INHALER AEROSOL ,VENTOLIN INHALER AEROSOL 1'S,1'S,Rs.275.25
225,Montiget Tablets ,Montiget Tablets 10mg 2X7's,10mg 2X7's,Rs.209.51
226,RIGIX ,RIGIX 120ML SYRP 1'S,120ML SYRP 1'S,Rs.135.22
227,Fexet Tablets ,Fexet Tablets 120mg 20's,120mg 20's,Rs.216.00
228,Telfast Tablets ,Telfast Tablets 120mg 10s,120mg 10s,Rs.393.00
229,Fexet Tablets ,Fexet Tablets 60mg 20's,60mg 20's,Rs.135.00
230,Floaid ,Floaid 5mg Chewable Tablets 14's,5mg Chewable Tablets 14's,Rs.221.60
231,MYTEKA TAB ,MYTEKA TAB 5 MG 14'S,5 MG 14'S,Rs.182.50
232,Zyrtec Oral Solution ,Zyrtec Oral Solution 60ml,60ml,Rs.70.90
233,Fexet-D Tab ,Fexet-D Tab 10's,10's,Rs.144.00
234,Jardin-D ,Jardin-D 5mg Tablets 10's,5mg Tablets 10's,Rs.260.00
235,Britanyl Syrup ,Britanyl Syrup 60ml,60ml,Rs.52.69
236,Pulmonol Cough Syp ,Pulmonol Cough Syp 120 ml,120 ml,Rs.87.50
237,Toot Siah Plus Syp,Toot Siah Plus Syp,N/A,Rs.130.00
238,Avamys Spray ,Avamys Spray 120 Doses,120 Doses,Rs.875.00
239,Foster Inhaler,Foster Inhaler,N/A,"Rs.1,238.00"
240,Ventolin Respirator Soln ,Ventolin Respirator Soln 20ml,20ml,Rs.52.17
241,Tamsolin Capsules ,Tamsolin Capsules 0.4mg 20's,0.4mg 20's,Rs.495.00
242,Citralka Liqd ,Citralka Liqd 120 ml,120 ml,Rs.56.18
243,ABOCRAN SACHET ,ABOCRAN SACHET 10'S,10'S,Rs.348.00
244,Cardura Tablets ,Cardura Tablets 2mg 2X10's,2mg 2X10's,Rs.301.60
245,Solifen Tablets ,Solifen Tablets 5mg 10's,5mg 10's,Rs.520.00
246,PROSCAR TAB ,PROSCAR TAB 5 MG 14'S,5 MG 14'S,Rs.873.46
247,Maxflow Capsules ,Maxflow Capsules 0.4mg 20's,0.4mg 20's,Rs.900.00
248,Duodart Capsules ,Duodart Capsules 30's,30's,"Rs.3,564.00"
249,Detrusitol Tablets ,Detrusitol Tablets 2mg 28's,2mg 28's,"Rs.1,514.83"
250,Focin Ultra ,Focin Ultra 3g Sachet,3g Sachet,Rs.350.00
251,Cardura Tablets ,Cardura Tablets 4mg 2X10's,4mg 2X10's,"Rs.1,189.00"
252,Cenova ,Cenova 200mg,200mg,Rs.497.00
253,Genurin Tablets Forte ,Genurin Tablets Forte 200mg3X10's,200mg3X10's,Rs.645.30
254,Berdi Sachet,Berdi Sachet,N/A,Rs.300.00
255,Prostryl ,Prostryl 5mg Tablet 10's,5mg Tablet 10's,Rs.402.50
256,Solifen Tablets ,Solifen Tablets 10mg 10's,10mg 10's,Rs.899.00
257,KETOSTERIL TABLET ,KETOSTERIL TABLET 100'S,100'S,Rs.389.50
258,Xatral-Sr Tablets ,Xatral-Sr Tablets 5mg 2X14's,5mg 2X14's,Rs.536.49
259,DETRIFLOW ,DETRIFLOW 2MG TAB 28'S,2MG TAB 28'S,Rs.493.50
260,Uropin ,Uropin 100mg Tablets 30's,100mg Tablets 30's,Rs.271.37
261,Tamsol-D Cap,Tamsol-D Cap.,N/A,"Rs.1,430.00"
262,Monurol ,Monurol 3g Sachet,3g Sachet,Rs.775.00
263,Butyn ,Butyn 5mg Tablet 30's,5mg Tablet 30's,Rs.126.33
264,Solosin Sr Capsules ,Solosin Sr Capsules 20's,20's,Rs.391.00
265,,2Blink Eye Drops,2Blink Eye Drops,Rs.362.00
266,,2Sum Injection 2g 1 Vial,2Sum Injection 2g 1 Vial,Rs.440.00
267,,7ILVER SEAS 3CAPS 1'S,7ILVER SEAS 3CAPS 1'S,Rs.285.00
268,,7ILVER SEAS 6CAPS 1'S,7ILVER SEAS 6CAPS 1'S,Rs.490.00
269,A-Glip ,A-Glip 100mg Tab.,100mg Tab.,Rs.225.41
270,A-Glip ,A-Glip 50mg Tab.,50mg Tab.,Rs.170.70
271,A-Max Oral Drops,A-Max Oral Drops,N/A,Rs.380.00
272,A-Tone Cream ,A-Tone Cream 25G,25G,Rs.696.00
273,A,A2A Tablets 50mg 20's,2A Tablets 50mg 20's,Rs.471.00
274,Aaram Caps,Aaram Caps. 50mg,50mg,Rs.55.00
275,Abacus ,Abacus 40mg/5ml Syp,40mg/5ml Syp,Rs.215.00
276,Abnil Capsules ,Abnil Capsules 120mg 30's,120mg 30's,"Rs.1,533.74"
277,Abocal Tab Effervescent ,Abocal Tab Effervescent 10's,10's,Rs.196.80
278,ABOCRAN SACHET ,ABOCRAN SACHET 10'S,10'S,Rs.348.00
279,Acd Plus Drops,Acd Plus Drops,N/A,Rs.409.50
280,Acdermin Gel,Acdermin Gel,N/A,Rs.278.00
281,Ace ,Ace 25mg Capsules 30's,25mg Capsules 30's,"Rs.1,650.00"
282,Acebex Capsules ,Acebex Capsules 20's,20's,Rs.280.00
283,Aceclofenac,Aceclofenac,N/A,Rs.290.10
284,Acefer Syrup ,Acefer Syrup 120ml,120ml,Rs.167.41
285,Acefyl ,Acefyl 125ml Syp,125ml Syp,Rs.97.64
286,ACEFYL COUGH ,ACEFYL COUGH 125ML SYP 1'S,125ML SYP 1'S,Rs.92.37
287,Acenac Sr Tablets ,Acenac Sr Tablets 200mg 30's,200mg 30's,Rs.375.00
288,Acenac Tab ,Acenac Tab 100 MG 3x10's,100 MG 3x10's,Rs.348.00
289,Bf- Growing Up Formula ,Bf- Growing Up Formula 900gm,900gm,"Rs.1,900.00"
290,MORINAGA BF-,MORINAGA BF-1 INFANT FORMULA MILK POWDER 400G,1 INFANT FORMULA MILK POWDER 400G,"Rs.1,560.00"
291,Morinaga BF-,Morinaga BF-1 Infant Formula Milk Powder 900g,1 Infant Formula Milk Powder 900g,"Rs.3,380.00"
292,Morinaga BF-,Morinaga BF-2 Follow UP Formula 900g,2 Follow UP Formula 900g,"Rs.3,380.00"
293,MEIJI POWDER MILK FM-T ,MEIJI POWDER MILK FM-T 400G,400G,"Rs.1,560.00"
294,MORINAGA NL-,MORINAGA NL-33 LACTOSE FREE FORMULA POWDERED MILK 350G,33 LACTOSE FREE FORMULA POWDERED MILK 350G,"Rs.1,630.00"
295,BABY WIPES ,BABY WIPES 80'S,80'S,Rs.540.00
296,Enfamil Powder Milk A,Enfamil Powder Milk A+1 400g,1 400g,"Rs.2,780.00"
297,Morinaga BF-,Morinaga BF-2 Follow UP Formula 400g,2 Follow UP Formula 400g,"Rs.1,560.00"
298,Similac Total Comfort Stage ,Similac Total Comfort Stage 1 360g,1 360g,"Rs.1,540.00"
299,Meiji Powder Milk FU ,Meiji Powder Milk FU 900g,900g,"Rs.3,380.00"
300,CANBEBE MAXI PLUS ,CANBEBE MAXI PLUS 50P,50P,"Rs.1,815.00"
301,Meiji Powder Milk Big ,Meiji Powder Milk Big 900g,900g,"Rs.3,380.00"
302,NESTLE CERELAC ,NESTLE CERELAC 3 FRUITS 350G,3 FRUITS 350G,Rs.471.00
303,CANBEBE MAXI COMFORT DRY DIAPERS PACK OF ,CANBEBE MAXI COMFORT DRY DIAPERS PACK OF 56,56,"Rs.1,750.00"
304,Enfamil Powder Milk A,Enfamil Powder Milk A+1 800g,1 800g,"Rs.5,460.00"
305,NESTLE LACTOGROW ,NESTLE LACTOGROW 3 800G,3 800G,"Rs.1,490.00"
306,NAN ,NAN 1 -400g Tin,1 -400g Tin,"Rs.1,430.00"
307,CANBEBE NEW BORN ,CANBEBE NEW BORN 84P,84P,"Rs.1,743.00"
308,Johnson Wipes ,Johnson Wipes 72's,72's,Rs.400.00
309,PAMP BABY WIPES,PAMP BABY WIPES.,N/A,Rs.430.00
310,NESTLE LACTOGEN ,NESTLE LACTOGEN 2 800G,2 800G,"Rs.1,530.00"
311,CANBEBE MIDI COMFORT DRY DIAPERS PACK OF ,CANBEBE MIDI COMFORT DRY DIAPERS PACK OF 62,62,"Rs.1,750.00"
312,Nutrafil ,Nutrafil 3 Growing Up Milk Formula 400g,3 Growing Up Milk Formula 400g,"Rs.1,700.00"
313,Bf- Growing Up Formula ,Bf- Growing Up Formula 900gm,900gm,"Rs.1,900.00"
314,MORINAGA BF-,MORINAGA BF-1 INFANT FORMULA MILK POWDER 400G,1 INFANT FORMULA MILK POWDER 400G,"Rs.1,560.00"
315,Morinaga BF-,Morinaga BF-1 Infant Formula Milk Powder 900g,1 Infant Formula Milk Powder 900g,"Rs.3,380.00"
316,Morinaga BF-,Morinaga BF-2 Follow UP Formula 900g,2 Follow UP Formula 900g,"Rs.3,380.00"
317,MEIJI POWDER MILK FM-T ,MEIJI POWDER MILK FM-T 400G,400G,"Rs.1,560.00"
318,MORINAGA NL-,MORINAGA NL-33 LACTOSE FREE FORMULA POWDERED MILK 350G,33 LACTOSE FREE FORMULA POWDERED MILK 350G,"Rs.1,630.00"
319,BABY WIPES ,BABY WIPES 80'S,80'S,Rs.540.00
320,Enfamil Powder Milk A,Enfamil Powder Milk A+1 400g,1 400g,"Rs.2,780.00"
321,Morinaga BF-,Morinaga BF-2 Follow UP Formula 400g,2 Follow UP Formula 400g,"Rs.1,560.00"
322,Similac Total Comfort Stage ,Similac Total Comfort Stage 1 360g,1 360g,"Rs.1,540.00"
323,Meiji Powder Milk FU ,Meiji Powder Milk FU 900g,900g,"Rs.3,380.00"
324,CANBEBE MAXI PLUS ,CANBEBE MAXI PLUS 50P,50P,"Rs.1,815.00"
325,Meiji Powder Milk Big ,Meiji Powder Milk Big 900g,900g,"Rs.3,380.00"
326,CANBEBE MAXI COMFORT DRY DIAPERS PACK OF ,CANBEBE MAXI COMFORT DRY DIAPERS PACK OF 56,56,"Rs.1,750.00"
327,Enfamil Powder Milk A,Enfamil Powder Milk A+1 800g,1 800g,"Rs.5,460.00"
328,NAN ,NAN 1 -400g Tin,1 -400g Tin,"Rs.1,430.00"
329,CANBEBE NEW BORN ,CANBEBE NEW BORN 84P,84P,"Rs.1,743.00"
330,Johnson Wipes ,Johnson Wipes 72's,72's,Rs.400.00
331,PAMP BABY WIPES,PAMP BABY WIPES.,N/A,Rs.430.00
332,NESTLE LACTOGEN ,NESTLE LACTOGEN 2 800G,2 800G,"Rs.1,530.00"
333,CANBEBE MIDI COMFORT DRY DIAPERS PACK OF ,CANBEBE MIDI COMFORT DRY DIAPERS PACK OF 62,62,"Rs.1,750.00"
334,Nutrafil ,Nutrafil 3 Growing Up Milk Formula 400g,3 Growing Up Milk Formula 400g,"Rs.1,700.00"
335,Nestle Nido ,Nestle Nido 3+ 800g,3+ 800g,"Rs.1,230.00"
336,Cool & Cool Baby Wipes ,Cool & Cool Baby Wipes 40's,40's,Rs.330.00
337,Cool & Cool Nursing Pads Hygienic With Ultra Absorbent ,Cool & Cool Nursing Pads Hygienic With Ultra Absorbent 30 Count,30 Count,Rs.720.00
338,Meiji Mamilac Powdered Milk ,Meiji Mamilac Powdered Milk 350g,350g,"Rs.1,370.00"
339,Morinaga BF-Mama Nutritional Supplement Vanilla ,Morinaga BF-Mama Nutritional Supplement Vanilla 200g,200g,Rs.640.00
340,BY,BY15 BREAST PUMP 1'S,15 BREAST PUMP 1'S,"Rs.5,000.00"
341,Avent Soothing Nipple Cream ,Avent Soothing Nipple Cream 30ml,30ml,"Rs.2,220.00"
342,Avent Disposable Breast Pads Night ,Avent Disposable Breast Pads Night 20 Count,20 Count,"Rs.1,555.00"
343,Avent Natural Single Electric Breast Pump SCF,Avent Natural Single Electric Breast Pump SCF332/01,332/01,"Rs.38,995.00"
344,Avent Disposable Breast Pads Day ,Avent Disposable Breast Pads Day 20 Count,20 Count,"Rs.2,595.00"
345,Avent Niplette Scf,Avent Niplette Scf152/01,152/01,"Rs.6,175.00"
346,Bf- Growing Up Formula ,Bf- Growing Up Formula 900gm,900gm,"Rs.1,900.00"
347,MORINAGA BF-,MORINAGA BF-1 INFANT FORMULA MILK POWDER 400G,1 INFANT FORMULA MILK POWDER 400G,"Rs.1,560.00"
348,Morinaga BF-,Morinaga BF-1 Infant Formula Milk Powder 900g,1 Infant Formula Milk Powder 900g,"Rs.3,380.00"
349,Morinaga BF-,Morinaga BF-2 Follow UP Formula 900g,2 Follow UP Formula 900g,"Rs.3,380.00"
350,MEIJI POWDER MILK FM-T ,MEIJI POWDER MILK FM-T 400G,400G,"Rs.1,560.00"
351,MORINAGA NL-,MORINAGA NL-33 LACTOSE FREE FORMULA POWDERED MILK 350G,33 LACTOSE FREE FORMULA POWDERED MILK 350G,"Rs.1,630.00"
352,BABY WIPES ,BABY WIPES 80'S,80'S,Rs.540.00
353,Enfamil Powder Milk A,Enfamil Powder Milk A+1 400g,1 400g,"Rs.2,780.00"
354,Morinaga BF-,Morinaga BF-2 Follow UP Formula 400g,2 Follow UP Formula 400g,"Rs.1,560.00"
355,Similac Total Comfort Stage ,Similac Total Comfort Stage 1 360g,1 360g,"Rs.1,540.00"
356,Meiji Powder Milk FU ,Meiji Powder Milk FU 900g,900g,"Rs.3,380.00"
357,CANBEBE MAXI PLUS ,CANBEBE MAXI PLUS 50P,50P,"Rs.1,815.00"
358,Meiji Powder Milk Big ,Meiji Powder Milk Big 900g,900g,"Rs.3,380.00"
359,NESTLE CERELAC ,NESTLE CERELAC 3 FRUITS 350G,3 FRUITS 350G,Rs.471.00
360,CANBEBE MAXI COMFORT DRY DIAPERS PACK OF ,CANBEBE MAXI COMFORT DRY DIAPERS PACK OF 56,56,"Rs.1,750.00"
361,Enfamil Powder Milk A,Enfamil Powder Milk A+1 800g,1 800g,"Rs.5,460.00"
362,NESTLE LACTOGROW ,NESTLE LACTOGROW 3 800G,3 800G,"Rs.1,490.00"
363,NAN ,NAN 1 -400g Tin,1 -400g Tin,"Rs.1,430.00"
364,CANBEBE NEW BORN ,CANBEBE NEW BORN 84P,84P,"Rs.1,743.00"
365,Johnson Wipes ,Johnson Wipes 72's,72's,Rs.400.00
366,PAMP BABY WIPES,PAMP BABY WIPES.,N/A,Rs.430.00
367,NESTLE LACTOGEN ,NESTLE LACTOGEN 2 800G,2 800G,"Rs.1,530.00"
368,CANBEBE MIDI COMFORT DRY DIAPERS PACK OF ,CANBEBE MIDI COMFORT DRY DIAPERS PACK OF 62,62,"Rs.1,750.00"
369,Nutrafil ,Nutrafil 3 Growing Up Milk Formula 400g,3 Growing Up Milk Formula 400g,"Rs.1,700.00"
370,FIRST ANSWER PREGNANCY TEST STRIP,FIRST ANSWER PREGNANCY TEST STRIP,N/A,Rs.85.00
371,SKIN AQUA CLEAR WHITE SPF,SKIN AQUA CLEAR WHITE SPF50,50,"Rs.1,696.00"
372,PPE Head Gear-Face Shield,PPE Head Gear-Face Shield,N/A,Rs.100.00
373,SANIDERM PIMPLE PATCH ,SANIDERM PIMPLE PATCH 24'S,24'S,Rs.168.00
374,DVAGO MASK MELTBLOWN,DVAGO MASK MELTBLOWN,N/A,Rs.550.00
375,Dermive Oil Free Moisturizing Lotion ,Dermive Oil Free Moisturizing Lotion 100ml,100ml,Rs.698.00
376,Safety Examination Gloves Large - ,Safety Examination Gloves Large - 50 Pairs,50 Pairs,"Rs.1,700.00"
377,Butterfly Breathable Extra Large,Butterfly Breathable Extra Large,N/A,Rs.280.00
378,Maxdif Skin Brightening Cream ,Maxdif Skin Brightening Cream 30g,30g,"Rs.1,198.00"
379,HYDROZOLE CREAM ,HYDROZOLE CREAM 20GM,20GM,Rs.222.22
380,Sunplay Skin Aqua Moisturizing Serum ,Sunplay Skin Aqua Moisturizing Serum 75ml,75ml,Rs.819.00
381,Spectra Block SPF,Spectra Block SPF60 Sunblock 40g,60 Sunblock 40g,Rs.698.00
382,SENIOR PULL UP ADULT DIAPERS EXTRA LARGE ,SENIOR PULL UP ADULT DIAPERS EXTRA LARGE 10 COUNT,10 COUNT,"Rs.1,190.00"
383,Durex Extended Pleasure Condoms Pack Of ,Durex Extended Pleasure Condoms Pack Of 20,20,"Rs.1,170.00"
384,Safety Examination Gloves Medium - ,Safety Examination Gloves Medium - 50 Pairs,50 Pairs,"Rs.1,700.00"
385,BUTTERFLY BREATHABLES MAXI THICK SANITARY PADS EXTRA LARGE ,BUTTERFLY BREATHABLES MAXI THICK SANITARY PADS EXTRA LARGE 16 COUNT,16 COUNT,Rs.370.00
386,First Choice Face Mask,First Choice Face Mask,N/A,Rs.80.00
387,Mandel AC Serum ,Mandel AC Serum 20ml,20ml,Rs.998.00
388,BUTTERFLY ULTRA LONG ,BUTTERFLY ULTRA LONG 16S,16S,Rs.300.00
389,Mandelac Face Wash ,Mandelac Face Wash 50ml,50ml,Rs.498.00
390,Always Thicks Sanitary Pads Extra Long Trio Pack ,Always Thicks Sanitary Pads Extra Long Trio Pack 28 Count,28 Count,Rs.649.00
391,Always Thicks Maxi Night Sanitary Pads Extra Long Value Pack ,Always Thicks Maxi Night Sanitary Pads Extra Long Value Pack 16 Count,16 Count,Rs.420.00
392,Physiogel Daily Moisture Therapy Dermo-Cleanser ,Physiogel Daily Moisture Therapy Dermo-Cleanser 150ml,150ml,Rs.900.00
393,Dettol Antiseptic Liquid ,Dettol Antiseptic Liquid 50ml,50ml,Rs.120.00
394,Butterfly Breathable Extra Large,Butterfly Breathable Extra Large,N/A,Rs.280.00
395,BUTTERFLY ULTRA LONG ,BUTTERFLY ULTRA LONG 16S,16S,Rs.300.00
396,Always Thicks Sanitary Pads Extra Long Trio Pack ,Always Thicks Sanitary Pads Extra Long Trio Pack 28 Count,28 Count,Rs.649.00
397,Always Thicks Maxi Night Sanitary Pads Extra Long Value Pack ,Always Thicks Maxi Night Sanitary Pads Extra Long Value Pack 16 Count,16 Count,Rs.420.00
398,Always Thicks Maxi Sanitary Pads Long Value Pack ,Always Thicks Maxi Sanitary Pads Long Value Pack 18 Count,18 Count,Rs.420.00
399,Always Ultra Sanitary Pads Long Value Pack ,Always Ultra Sanitary Pads Long Value Pack 16 Count,16 Count,Rs.420.00
400,BUTTERFLY BREATHABLES LARGE,BUTTERFLY BREATHABLES LARGE,N/A,Rs.180.00
401,Always Diamonds Ultra Thin Sanitary Pads Extra Long Value Pack ,Always Diamonds Ultra Thin Sanitary Pads Extra Long Value Pack 12 Count,12 Count,Rs.450.00
402,BUTTERFLY ULTRA LARGE ,BUTTERFLY ULTRA LARGE 8'S,8'S,Rs.130.00
403,BUTTERFLY MOTHER COMFORTS SANITARY PAD LINER MEDIUM ,BUTTERFLY MOTHER COMFORTS SANITARY PAD LINER MEDIUM 16 COUNT,16 COUNT,Rs.190.00
404,Always Ultra Sanitary Pads Extra Long Value Pack ,Always Ultra Sanitary Pads Extra Long Value Pack 14 Count,14 Count,Rs.420.00
405,BUTTERFLY BREATHABLES ,BUTTERFLY BREATHABLES 8S,8S,Rs.200.00
406,ALWAYS DIAMONDS ULTRA THIN SANITARY PADS LONG VALUE PACK ,ALWAYS DIAMONDS ULTRA THIN SANITARY PADS LONG VALUE PACK 14 COUNT,14 COUNT,Rs.450.00
407,ALWAYS THICKS MAXI NIGHT SANITARY PADS EXTRA LONG SINGLE PACK ,ALWAYS THICKS MAXI NIGHT SANITARY PADS EXTRA LONG SINGLE PACK 9 COUNT,9 COUNT,Rs.215.00
408,MOTHER COMFORTS XXL ,MOTHER COMFORTS XXL 10S,10S,Rs.190.00
409,Always Thicks Classic Sanitary Pads Long Single Pack,Always Thicks Classic Sanitary Pads Long Single Pack,N/A,Rs.210.00
410,Always Ultra Sanitary Pads Extra Long Single Pack ,Always Ultra Sanitary Pads Extra Long Single Pack 7 Count,7 Count,Rs.215.00
411,Veet Cream Normal ,Veet Cream Normal 50G,50G,Rs.250.00
412,Always Diamonds Ultra Thin Sanitary Pads Longsingle Pack ,Always Diamonds Ultra Thin Sanitary Pads Longsingle Pack 7 Count,7 Count,Rs.215.00
413,Veet Cream Normal ,Veet Cream Normal 100G,100G,Rs.460.00
414,ALWAYS FEATHERSOFT ,ALWAYS FEATHERSOFT 2IN1 T3 TRIOS,2IN1 T3 TRIOS,Rs.530.00
415,Always Ultra Sanitary Pads Long Single Pack ,Always Ultra Sanitary Pads Long Single Pack 8 Count,8 Count,Rs.215.00
416,Butterfly Ultra Extra Large ,Butterfly Ultra Extra Large 7s,7s,Rs.130.00
417,Veet Cream Normal ,Veet Cream Normal 25G,25G,Rs.125.00
418,Sebornil Anti Dandruff Shampoo ,Sebornil Anti Dandruff Shampoo 100ml,100ml,Rs.698.00
419,Selsun Blue Anti Dandruff Shampoo Moisturizing ,Selsun Blue Anti Dandruff Shampoo Moisturizing 100ml,100ml,Rs.330.00
420,Selsun Blue Anti Dandruff Shampoo Moisturizing ,Selsun Blue Anti Dandruff Shampoo Moisturizing 200ml,200ml,Rs.600.00
421,Pharmaceris H-Stimupurin Professional Hair Growth Stimulating Shampoo ,Pharmaceris H-Stimupurin Professional Hair Growth Stimulating Shampoo 250ml,250ml,"Rs.3,300.00"
422,Selsun Blue Anti Dandruff Shampoo Normal To Oily ,Selsun Blue Anti Dandruff Shampoo Normal To Oily 200ml,200ml,Rs.600.00
423,DOVE SHAMPOO INTENSE REPAIR ,DOVE SHAMPOO INTENSE REPAIR 175ML,175ML,Rs.310.00
424,Dove Conditioner Intense Repair ,Dove Conditioner Intense Repair 180ml,180ml,Rs.350.00
425,HEMANI PURE COCONUT HAIR OIL ,HEMANI PURE COCONUT HAIR OIL (BLUE) 100ML,100ML,Rs.110.00
426,Pharmaceris H-Stimufortin Intensive Hair Growth Stimulating Treatment ,Pharmaceris H-Stimufortin Intensive Hair Growth Stimulating Treatment 125ml,125ml,"Rs.3,450.00"
427,Dove Conditioner Hair Fall Rescue ,Dove Conditioner Hair Fall Rescue 180ml,180ml,Rs.330.00
428,Anoxia Hair Oil For Hair Loss & Hair Regrowth ,Anoxia Hair Oil For Hair Loss & Hair Regrowth 120ml,120ml,Rs.850.00
429,Lifebouy Shampoo Herbal ,Lifebouy Shampoo Herbal 175ml,175ml,Rs.215.00
430,Lifebouy Shampoo Strong & Thick ,Lifebouy Shampoo Strong & Thick 175ml,175ml,Rs.199.00
431,Dove Shampoo Nourishing Oil Care ,Dove Shampoo Nourishing Oil Care 175ml,175ml,Rs.320.00
432,HealthAid Vitamin E Oil ,HealthAid Vitamin E Oil 50ml,50ml,"Rs.1,500.00"
433,L,L'Oreal Keratin Straight 72H Conditioner 175ml,72H Conditioner 175ml,Rs.290.00
434,SELSUN ,SELSUN 100ML BF,100ML BF,Rs.330.00
435,Pantene Milky Extra Treatment Shampoo ,Pantene Milky Extra Treatment Shampoo 185 ml,185 ml,Rs.235.00
436,Dove Shampoo Hair Fall Rescue ,Dove Shampoo Hair Fall Rescue 175ml,175ml,Rs.299.00
437,Doctor Anti Lice Shampoo Bottle ,Doctor Anti Lice Shampoo Bottle 50ml,50ml,Rs.60.00
438,SUNSILK SHMP LONG HEALTHY ,SUNSILK SHMP LONG HEALTHY 380ML,380ML,Rs.427.35
439,Garnier Color Naturals Creme ,Garnier Color Naturals Creme 4 Brown,4 Brown,Rs.495.00
440,H&S SH CLASSIC CLEAN ,H&S SH CLASSIC CLEAN 185ML,185ML,Rs.265.00
441,L,L'Oreal Elvive Extraordinary Oil Nourishing Oil Replacement Hair Cream 300ml,300ml,Rs.290.00
442,Gillette Blue,Gillette Blue3 Disposable Razor,3 Disposable Razor,Rs.145.00
443,Gillette Blue II Plus Shaving Razor Single,Gillette Blue II Plus Shaving Razor Single,N/A,Rs.72.00
444,Gillette Blue ,Gillette Blue 3 Shaving Razor Bag Of 3,3 Shaving Razor Bag Of 3,Rs.441.00
445,Gillette Blue II Plus Shaving Razor Bag Of ,Gillette Blue II Plus Shaving Razor Bag Of 3,3,Rs.192.00
446,Fair & Lovely Men Max Fairness Cream ,Fair & Lovely Men Max Fairness Cream 50ml,50ml,Rs.170.00
447,BLUE II RAZOR ,BLUE II RAZOR 1UP,1UP,Rs.65.00
448,Fair & Lovely Men Max Fairness Cream ,Fair & Lovely Men Max Fairness Cream 25ml,25ml,Rs.99.00
449,Gillette Shaving Foam Regular ,Gillette Shaving Foam Regular 200ml,200ml,Rs.400.00
450,GILLETTE BLUE ,GILLETTE BLUE 3 DISPOSABLE RAZOR RED,3 DISPOSABLE RAZOR RED,Rs.145.00
451,Gillette Shaving Foam Menthol ,Gillette Shaving Foam Menthol 200ml,200ml,Rs.400.00
452,Nivea Men Invisible Black & White Original Anti-Perspirant Deodorant Spray ,Nivea Men Invisible Black & White Original Anti-Perspirant Deodorant Spray 150ml,150ml,Rs.520.00
453,Gillette Mach ,Gillette Mach 3 Shaving Razor 1up,3 Shaving Razor 1up,Rs.530.00
454,Gillette Shaving Foam Lemon & Lime ,Gillette Shaving Foam Lemon & Lime 200ml,200ml,Rs.400.00
455,Gillette Blue ,Gillette Blue 3 System Shaving Razor Cartridges 3's,3 System Shaving Razor Cartridges 3's,Rs.510.00
456,Gillette Mach ,Gillette Mach 3 Shaving Razor Cartridges 2's,3 Shaving Razor Cartridges 2's,Rs.800.00
457,Gillette Mach ,Gillette Mach 3 Turbo Shaving Razor 1up,3 Turbo Shaving Razor 1up,Rs.615.00
458,Barber Club Beard,"Barber Club Beard, Face & Hair Wash - 200ml",200ml,Rs.899.00
459,Gillette Mach ,Gillette Mach 3 Turbo Shaving Razor Cartridges 4's,3 Turbo Shaving Razor Cartridges 4's,"Rs.1,660.00"
460,Gillette Mach ,Gillette Mach 3 Turbo Shaving Razor Cartridges 2's,3 Turbo Shaving Razor Cartridges 2's,Rs.925.00
461,Gillette Mach ,Gillette Mach 3 Shaving Razor Cartridges 4's,3 Shaving Razor Cartridges 4's,"Rs.1,505.00"
462,Gillette Blue ,Gillette Blue 3 Shaving Razor Single,3 Shaving Razor Single,Rs.480.00
463,Exacta ,Exacta 2 System Refill 4,2 System Refill 4,Rs.175.00
464,Gillette Fusion Manual Shaving Razor ,Gillette Fusion Manual Shaving Razor 1up,1up,Rs.930.00
465,Doctor Toothpaste Jumbo ,Doctor Toothpaste Jumbo 150g,150g,Rs.160.00
466,DOCTOR TOOTHPASTE FAMILY BRUSH PACK ,DOCTOR TOOTHPASTE FAMILY BRUSH PACK 100 GM,100 GM,Rs.150.00
467,Doctor Loung Toothpast ,Doctor Loung Toothpast 70g,70g,Rs.100.00
468,Doctor Loung Toothpast ,Doctor Loung Toothpast 35g,35g,Rs.60.00
469,Sensodyne Mouthwash For Sensitivity Relief ,"Sensodyne Mouthwash For Sensitivity Relief ,500 ML",500 ML,Rs.580.00
470,Protect Mouthwash Fluoride ,Protect Mouthwash Fluoride 260ml,260ml,Rs.196.58
471,Sensodyne Multi Care Medium Toothbrush For Sensitive Teeth,Sensodyne Multi Care Medium Toothbrush For Sensitive Teeth,N/A,Rs.160.00
472,Colgate Plax Fresh Mint Splash Mouthwash ,Colgate Plax Fresh Mint Splash Mouthwash 250ml,250ml,Rs.300.00
473,Colgate Toothpaste ,Colgate Toothpaste 200g,200g,Rs.250.00
474,Mr,Mr. White Truly Whitening 120g,120g,Rs.150.00
475,Sensodyne Rapid Action ,Sensodyne Rapid Action 100g,100g,Rs.270.00
476,SENSODYNE MULTICARE BRUSH SOFT,SENSODYNE MULTICARE BRUSH SOFT,N/A,Rs.213.00
477,Sensodyne Gum Care Soft Brush,Sensodyne Gum Care Soft Brush,N/A,Rs.150.00
478,Parodontax Original For Bleeding Gums ,Parodontax Original For Bleeding Gums 100g,100g,Rs.235.00
479,Protect Dental Floass - Mint,Protect Dental Floass - Mint,N/A,Rs.120.00
480,Fittydent Super Denture Adhesive Cream ,Fittydent Super Denture Adhesive Cream 20g,20g,Rs.720.00
481,CTB - KIDZ,CTB - KIDZ,N/A,Rs.65.00
482,Colgate Plax Peppermint Fresh Mouthwash ,Colgate Plax Peppermint Fresh Mouthwash 500ml,500ml,Rs.475.00
483,Protect Mouthwash Anti Bacterial ,Protect Mouthwash Anti Bacterial 260ml,260ml,Rs.210.00
484,Parodontax Extra Fresh For Bleeding Gums ,Parodontax Extra Fresh For Bleeding Gums 100g,100g,Rs.235.00
485,Colgate Twister Fresh Soft Toothbrush,Colgate Twister Fresh Soft Toothbrush,N/A,Rs.100.00
486,Sensodyne Gum Care Extra Soft Brush For Sensitive Teeth,Sensodyne Gum Care Extra Soft Brush For Sensitive Teeth,N/A,Rs.160.00
487,Sensodyne Rapid Action Toothpaste For Fast Sensitivity Relief,"Sensodyne Rapid Action Toothpaste For Fast Sensitivity Relief, 70 GM",70 GM,Rs.210.00
488,Colgate Premier Clean Medium Toothbrush,Colgate Premier Clean Medium Toothbrush,N/A,Rs.55.00
489,SENIOR PULL UP ADULT DIAPERS EXTRA LARGE ,SENIOR PULL UP ADULT DIAPERS EXTRA LARGE 10 COUNT,10 COUNT,"Rs.1,190.00"
490,SENIOR ADULT DIAPERS EXTRA LARGE SINGLE,SENIOR ADULT DIAPERS EXTRA LARGE SINGLE,N/A,"Rs.1,018.00"
491,Senior Adult Pull Ups Medium ,Senior Adult Pull Ups Medium 10 Count,10 Count,"Rs.1,071.00"
492,LEO ADULT DAIPERS LARGE,LEO ADULT DAIPERS LARGE,N/A,Rs.782.00
493,SENIOR PULL UP ADULT DIAPERS LARGE ,SENIOR PULL UP ADULT DIAPERS LARGE 10 COUNT,10 COUNT,"Rs.1,130.00"
494,LEO ADULT DAIPERS X-LARG,LEO ADULT DAIPERS X-LARG,N/A,Rs.842.00
495,SENIOR ADULT DIAPERS LARGE,SENIOR ADULT DIAPERS LARGE,N/A,Rs.976.00
496,SENIOR ADULT DIAPERS MEDIUM SIZE SINGLE,SENIOR ADULT DIAPERS MEDIUM SIZE SINGLE,N/A,Rs.940.00
497,Canped Small Adult Pampers ,Canped Small Adult Pampers 10 Count,10 Count,Rs.847.00
498,Canped Medium A,Canped Medium A.Pam,N/A,Rs.820.00
499,Garnier Skin Active Micellar Makeup Removing Towelettes ,Garnier Skin Active Micellar Makeup Removing Towelettes 25 Count,25 Count,Rs.499.00
500,Securextra Adult Pull-Up Medium ,Securextra Adult Pull-Up Medium 10's,10's,Rs.970.00
501,CANPED ADULT DIAPERS EXTRA LARGE ,CANPED ADULT DIAPERS EXTRA LARGE 7 COUNT,7 COUNT,Rs.700.00
502,Dettol Germ Busting Kit,Dettol Germ Busting Kit,N/A,Rs.995.00
503,Nivea Pearl & Beauty Soap,Nivea Pearl & Beauty Soap,N/A,Rs.190.00
504,Nivea Extra White Facewash,Nivea Extra White Facewash,N/A,Rs.350.00
505,Nivea Nourishing Body Lotion,Nivea Nourishing Body Lotion,N/A,Rs.150.00
506,LUX SKIN BAR VELVET,LUX SKIN BAR VELVET,N/A,Rs.70.00
507,PONDS BRIGHT BEAUTY,PONDS BRIGHT BEAUTY,N/A,Rs.320.00
508,SANIDERM PIMPLE PATCH ,SANIDERM PIMPLE PATCH 24'S,24'S,Rs.168.00
509,Neutrogena Poreshine Dailywash,Neutrogena Poreshine Dailywash,N/A,"Rs.1,800.00"
510,SKIN AQUA CLEAR WHITE SPF,SKIN AQUA CLEAR WHITE SPF50,50,"Rs.1,696.00"
511,Fit Me Classivory Lfund,Fit Me Classivory Lfund120 5ml,120 5ml,Rs.200.00
512,HEMANI ANTI ACNE AVACADO & GRAPEFRUIT SCRUB,HEMANI ANTI ACNE AVACADO & GRAPEFRUIT SCRUB,N/A,Rs.338.00
513,LUX BAR VELVETCH TRIO ,LUX BAR VELVETCH TRIO 140G,140G,Rs.240.00
514,FAIR LOVELY MOSITR LOT ,FAIR LOVELY MOSITR LOT 200ML,200ML,Rs.280.00
515,FAIR LOVELY MOSITR LOT ,FAIR LOVELY MOSITR LOT 100ML,100ML,Rs.160.00
516,LUX BAR SOFTTOUCH TRIO ,LUX BAR SOFTTOUCH TRIO 140G,140G,Rs.190.00
517,SEBIUM MOUSSANT GEL,SEBIUM MOUSSANT GEL,N/A,"Rs.2,000.00"
518,Photoderm Max Creme Spf,Photoderm Max Creme Spf100Nc,100Nc,"Rs.3,500.00"
519,GARN MEN OIL CLEAR FW ,GARN MEN OIL CLEAR FW 100 ML,100 ML,Rs.400.00
520,Bb Ms Perf ,Bb Ms Perf 50ml,50ml,Rs.799.00
521,S,S.ACT MASK H.BOMB SA32 GRE,32 GRE,Rs.349.00
522,CLEAN&CLEAR MORN ERGY F,CLEAN&CLEAR MORN ERGY F/W150ML,150ML,Rs.800.00
523,SUN PROTECTION CREAM,SUN PROTECTION CREAM,N/A,Rs.525.00
524,FACIAL WHITENING CREAM,FACIAL WHITENING CREAM,N/A,Rs.400.00
525,Photoderm Spot Age,Photoderm Spot Age50+,50+,"Rs.3,000.00"
526,CRACKED HEEL AND FOOT BALM,CRACKED HEEL AND FOOT BALM,N/A,Rs.255.00
527,Durex Extended Pleasure Condoms Pack Of ,Durex Extended Pleasure Condoms Pack Of 20,20,"Rs.1,170.00"
528,Durex Performa Condom - Pack Of ,Durex Performa Condom - Pack Of 3,3,Rs.250.00
529,Durex Play Tingle Lube ,Durex Play Tingle Lube 50ml Gel,50ml Gel,Rs.690.00
530,Durex Invisible Condom Pack Of ,Durex Invisible Condom Pack Of 12,12,Rs.740.00
531,Durex Extra Safe Condom Pack Of ,Durex Extra Safe Condom Pack Of 12,12,Rs.800.00
532,Durex Play Very Cherry Lubricant ,Durex Play Very Cherry Lubricant 50ml,50ml,Rs.660.00
533,Durex Fetherlite Condom Pack Of ,Durex Fetherlite Condom Pack Of 3,3,Rs.270.00
534,Durex Feel Thin Ultra Condom Pack Of ,Durex Feel Thin Ultra Condom Pack Of 12,12,Rs.740.00
535,Durex Extended Pleasure Condoms Pack of ,Durex Extended Pleasure Condoms Pack of 12,12,Rs.730.00
536,Durex Extra Safe Condom - Pack Of ,Durex Extra Safe Condom - Pack Of 3,3,Rs.270.00
537,Durex Invisible Extra Thin Condom - Pack Of ,Durex Invisible Extra Thin Condom - Pack Of 3,3,Rs.320.00
538,Durex Flavours ,Durex Flavours 12's,12's,Rs.900.00
539,Durex Tickling Ribs ,Durex Tickling Ribs 12's,12's,Rs.940.00
540,Durex Play Stimulating Massage ,Durex Play Stimulating Massage 2In1 Lube Arousing Guarana 200ml Gel,2In1 Lube Arousing Guarana 200ml Gel,"Rs.1,390.00"
541,Durex Play Original Massage ,Durex Play Original Massage 2In1 Lube Soothing Aloe Vera 200ml Gel,2In1 Lube Soothing Aloe Vera 200ml Gel,"Rs.1,450.00"
542,Durex Extended Pleasure Cp ,Durex Extended Pleasure Cp 12's,12's,Rs.825.00
543,Durex Invisible Condoms Pack of ,Durex Invisible Condoms Pack of 12 - Bundle of 2,12 - Bundle of 2,"Rs.1,200.00"
544,Durex Feel Ultra Thin Condoms Pack of ,Durex Feel Ultra Thin Condoms Pack of 12 - Bundle of 2,12 - Bundle of 2,"Rs.1,200.00"
545,Durex Ext Pleasure ,Durex Ext Pleasure 12's 2Pack,12's 2Pack,"Rs.1,200.00"
546,Durex Play Stimulating Massage ,Durex Play Stimulating Massage 2In1 Lube Arousing Guarana 200ml Gel,2In1 Lube Arousing Guarana 200ml Gel,"Rs.1,350.00"
547,Durex Invisible ,Durex Invisible 12's 2Pack,12's 2Pack,"Rs.1,200.00"
548,Durex Feel Ultra Thin ,Durex Feel Ultra Thin 12's 2Pack,12's 2Pack,"Rs.1,200.00"
549,Durex Play Tingle Lube ,Durex Play Tingle Lube 50ml Gel,50ml Gel,Rs.600.00
550,Durex Invisible Extra Thin Condom - Pack Of ,Durex Invisible Extra Thin Condom - Pack Of 12,12,Rs.615.00
551,FIRST ANSWER PREGNANCY TEST STRIP,FIRST ANSWER PREGNANCY TEST STRIP,N/A,Rs.85.00
552,SKIN AQUA CLEAR WHITE SPF,SKIN AQUA CLEAR WHITE SPF50,50,"Rs.1,696.00"
553,PPE Head Gear-Face Shield,PPE Head Gear-Face Shield,N/A,Rs.100.00
554,SANIDERM PIMPLE PATCH ,SANIDERM PIMPLE PATCH 24'S,24'S,Rs.168.00
555,DVAGO MASK MELTBLOWN,DVAGO MASK MELTBLOWN,N/A,Rs.550.00
556,Dermive Oil Free Moisturizing Lotion ,Dermive Oil Free Moisturizing Lotion 100ml,100ml,Rs.698.00
557,Safety Examination Gloves Large - ,Safety Examination Gloves Large - 50 Pairs,50 Pairs,"Rs.1,700.00"
558,Butterfly Breathable Extra Large,Butterfly Breathable Extra Large,N/A,Rs.280.00
559,Maxdif Skin Brightening Cream ,Maxdif Skin Brightening Cream 30g,30g,"Rs.1,198.00"
560,HYDROZOLE CREAM ,HYDROZOLE CREAM 20GM,20GM,Rs.222.22
561,Sunplay Skin Aqua Moisturizing Serum ,Sunplay Skin Aqua Moisturizing Serum 75ml,75ml,Rs.819.00
562,Spectra Block SPF,Spectra Block SPF60 Sunblock 40g,60 Sunblock 40g,Rs.698.00
563,SENIOR PULL UP ADULT DIAPERS EXTRA LARGE ,SENIOR PULL UP ADULT DIAPERS EXTRA LARGE 10 COUNT,10 COUNT,"Rs.1,190.00"
564,Durex Extended Pleasure Condoms Pack Of ,Durex Extended Pleasure Condoms Pack Of 20,20,"Rs.1,170.00"
565,Safety Examination Gloves Medium - ,Safety Examination Gloves Medium - 50 Pairs,50 Pairs,"Rs.1,700.00"
566,BUTTERFLY BREATHABLES MAXI THICK SANITARY PADS EXTRA LARGE ,BUTTERFLY BREATHABLES MAXI THICK SANITARY PADS EXTRA LARGE 16 COUNT,16 COUNT,Rs.370.00
567,First Choice Face Mask,First Choice Face Mask,N/A,Rs.80.00
568,Mandel AC Serum ,Mandel AC Serum 20ml,20ml,Rs.998.00
569,BUTTERFLY ULTRA LONG ,BUTTERFLY ULTRA LONG 16S,16S,Rs.300.00
570,Mandelac Face Wash ,Mandelac Face Wash 50ml,50ml,Rs.498.00
571,Always Thicks Sanitary Pads Extra Long Trio Pack ,Always Thicks Sanitary Pads Extra Long Trio Pack 28 Count,28 Count,Rs.649.00
572,Always Thicks Maxi Night Sanitary Pads Extra Long Value Pack ,Always Thicks Maxi Night Sanitary Pads Extra Long Value Pack 16 Count,16 Count,Rs.420.00
573,Physiogel Daily Moisture Therapy Dermo-Cleanser ,Physiogel Daily Moisture Therapy Dermo-Cleanser 150ml,150ml,Rs.900.00
574,Dettol Antiseptic Liquid ,Dettol Antiseptic Liquid 50ml,50ml,Rs.120.00
575,Vicks Vaporub ,Vicks Vaporub 19gm,19gm,Rs.54.00
576,Gaviscon Liquid ,Gaviscon Liquid 120ml,120ml,Rs.99.51
577,PANADOL ,PANADOL 120ML LIQUID 1'S,120ML LIQUID 1'S,Rs.97.96
578,SAFETY ALCOHOL SWAP ,SAFETY ALCOHOL SWAP 200'S,200'S,Rs.2.00
579,Gaviscon Liqd Advance ,Gaviscon Liqd Advance 120 ml,120 ml,Rs.169.79
580,Mucaine Suspension ,Mucaine Suspension 120ml,120ml,Rs.64.25
581,Polyfax Oint Skin ,Polyfax Oint Skin 20g,20g,Rs.79.03
582,SHARBAT TOOT SIAH ,SHARBAT TOOT SIAH 120 ML,120 ML,Rs.100.00
583,WINTOGENO BALM ,WINTOGENO BALM 50G,50G,Rs.85.00
584,QARSHI JOH,QARSHI JOH. JOSHANDA REG 30'S,30'S,Rs.372.00
585,Strepsils Honey and Lemon ,Strepsils Honey and Lemon 10 Lozenges,10 Lozenges,"Rs.1,500.00"
586,Voltral Emulgel ,Voltral Emulgel 2% 40gm,2% 40gm,Rs.390.00
587,Dvago Analgesic Balm ,Dvago Analgesic Balm 30g,30g,Rs.180.00
588,Panadol Infant Drops for babies ,"Panadol Infant Drops for babies , 2 months – 2 years for Fever relief, 30 ml","2 months – 2 years for Fever relief, 30 ml",Rs.71.00
589,QARSHI JOHAR JOSHANDA HONEY ,QARSHI JOHAR JOSHANDA HONEY 5'S,5'S,Rs.50.00
590,ENO SACHETS ,ENO SACHETS 12'S PACK LEMON,12'S PACK LEMON,Rs.102.00
591,Deep Heat ,Deep Heat 50g Cream,50g Cream,Rs.443.00
592,Ecotec Sachet ,Ecotec Sachet 10 S 10's,10 S 10's,Rs.706.00
593,QARSHI JOHAR JOSHANDA SUGAR FREE ,QARSHI JOHAR JOSHANDA SUGAR FREE 5'S,5'S,Rs.60.00
594,Voltral Emulgel ,Voltral Emulgel 1% 20g,1% 20g,Rs.139.00
595,Smecta Powder ,Smecta Powder 30's,30's,Rs.741.90
596,Deep Heat Spray ,Deep Heat Spray 150ml,150ml,Rs.750.00
597,QARSHI SHARBAT BANAFSHA ,QARSHI SHARBAT BANAFSHA 240ML,240ML,Rs.160.00
598,ENO SACHETS ,ENO SACHETS 12'S PACK ORANGE,12'S PACK ORANGE,Rs.8.55
599,Dvago Analgesic Balm ,Dvago Analgesic Balm 30g,30g,Rs.180.00
600,Dvago Zinc Oxide Paste ,Dvago Zinc Oxide Paste 30g,30g,Rs.180.00
601,Brufen Cream ,Brufen Cream 30gs,30gs,Rs.83.37
602,Voltral Emulgel ,Voltral Emulgel 2% 40gm,2% 40gm,Rs.390.00
603,Voltral Emulgel ,Voltral Emulgel 1% 20g,1% 20g,Rs.139.00
604,Froben ,Froben 50g Gel,50g Gel,Rs.295.90
605,PANADOL FORTE SUSP ,PANADOL FORTE SUSP 90ML 1'S,90ML 1'S,Rs.76.34
606,PANADOL ,PANADOL 120ML LIQUID 1'S,120ML LIQUID 1'S,Rs.97.96
607,Deep Heat Spray ,Deep Heat Spray 150ml,150ml,Rs.750.00
608,Deep Heat ,Deep Heat 50g Cream,50g Cream,Rs.443.00
609,Deep Freeze Gel ,Deep Freeze Gel 35g,35g,Rs.650.00
610,Deep Freeze Spray ,Deep Freeze Spray 150ml,150ml,Rs.975.00
611,KEFENTECH PATCH ,KEFENTECH PATCH 1'S,1'S,Rs.388.00
612,WINTOGENO BALM ,WINTOGENO BALM 50G,50G,Rs.85.00
613,Rumol Cream ,Rumol Cream 50g,50g,Rs.229.00
614,Dicloran Topical Gel ,Dicloran Topical Gel 20g,20g,Rs.116.00
615,Panadol Infant Drops for babies ,"Panadol Infant Drops for babies , 2 months – 2 years for Fever relief, 30 ml","2 months – 2 years for Fever relief, 30 ml",Rs.71.00
616,Dowfen Gel ,Dowfen Gel 25 gm,25 gm,Rs.160.37
617,Olgon Flex Ointment,Olgon Flex Ointment,N/A,Rs.913.49
618,Unani Fakiri Balm ,Unani Fakiri Balm 20g 1's,20g 1's,Rs.80.00
619,Febrol Ds Suspension,Febrol Ds Suspension,N/A,Rs.56.25
620,Febrol Suspension,Febrol Suspension,N/A,Rs.45.13
621,SOFAC TOPICAL GEL ,SOFAC TOPICAL GEL 20 GM,20 GM,Rs.88.84
622,Pcam Gel ,Pcam Gel 0.5% 25gs,0.5% 25gs,Rs.196.28
623,NAUNEHAL SYRUP ,NAUNEHAL SYRUP 175 ML,175 ML,Rs.60.00
624,Qarshi Musaffeen Tablets ,Qarshi Musaffeen Tablets 40's,40's,Rs.84.70
625,Vicks Vaporub ,Vicks Vaporub 19gm,19gm,Rs.54.00
626,QARSHI JOH,QARSHI JOH. JOSHANDA REG 30'S,30'S,Rs.372.00
627,QARSHI JOHAR JOSHANDA HONEY ,QARSHI JOHAR JOSHANDA HONEY 5'S,5'S,Rs.50.00
628,SHARBAT TOOT SIAH ,SHARBAT TOOT SIAH 120 ML,120 ML,Rs.100.00
629,QARSHI JOHAR JOSHANDA SUGAR FREE ,QARSHI JOHAR JOSHANDA SUGAR FREE 5'S,5'S,Rs.60.00
630,Hamdard Sharbat Toot Siyah ,Hamdard Sharbat Toot Siyah 120ml,120ml,Rs.100.00
631,Hamdard Syrup Suduri ,Hamdard Syrup Suduri (Regular) 120 ML,120 ML,Rs.80.00
632,QARSHI SHARBAT BANAFSHA ,QARSHI SHARBAT BANAFSHA 240ML,240ML,Rs.160.00
633,Hamdard Suduri Sugar Free ,Hamdard Suduri Sugar Free 120ml,120ml,Rs.82.35
634,Pulmonol Lozenges H&L ,Pulmonol Lozenges H&L 1's,1's,"Rs.1,000.00"
635,Qarshi Surficol Syrup ,Qarshi Surficol Syrup 120ml,120ml,Rs.90.00
636,Pulmonat Syrup ,Pulmonat Syrup 120ml,120ml,Rs.225.00
637,PULMONOL LOZENGES ORANGE ,PULMONOL LOZENGES ORANGE 1'S,1'S,"Rs.1,000.00"
638,SAFETY ALCOHOL SWAP ,SAFETY ALCOHOL SWAP 200'S,200'S,Rs.2.00
639,Polyfax Oint Skin ,Polyfax Oint Skin 20g,20g,Rs.79.03
640,Duoderm ,Duoderm 4*4 CGF Dressing,4*4 CGF Dressing,Rs.540.00
641,Gaviscon Liquid ,Gaviscon Liquid 120ml,120ml,Rs.99.51
642,Gaviscon Liqd Advance ,Gaviscon Liqd Advance 120 ml,120 ml,Rs.169.79
643,Mucaine Suspension ,Mucaine Suspension 120ml,120ml,Rs.64.25
644,Smecta Powder ,Smecta Powder 30's,30's,Rs.741.90
645,Ecotec Sachet ,Ecotec Sachet 10 S 10's,10 S 10's,Rs.706.00
646,ENO SACHETS ,ENO SACHETS 12'S PACK LEMON,12'S PACK LEMON,Rs.102.00
647,Eno Sachets ,Eno Sachets 12's Pack Regular,12's Pack Regular,Rs.122.20
648,Digas Classic ,Digas Classic 120Tab,120Tab,Rs.130.00
649,ENO SACHETS ,ENO SACHETS 12'S PACK ORANGE,12'S PACK ORANGE,Rs.8.55
650,Citrosoda Lemon ,Citrosoda Lemon 5G Sachet 20's,5G Sachet 20's,Rs.364.87
651,Citro Soda Orange ,Citro Soda Orange 5G Sach 20's,5G Sach 20's,Rs.364.87
652,Dijex Mp Suspension Mixed Fruit ,Dijex Mp Suspension Mixed Fruit 120ml,120ml,Rs.59.47
653,Biflor Sachet ,Biflor Sachet 10's,10's,Rs.565.00
654,Digas Khatti Meethi Tablets,Digas Khatti Meethi Tablets,N/A,Rs.120.00
655,Dijex Mp Suspension Mixed Fruit ,Dijex Mp Suspension Mixed Fruit 228ml,228ml,Rs.59.47
656,Qarshi Gesto Fill Liquid ,Qarshi Gesto Fill Liquid 120ml,120ml,Rs.90.00
657,Bismol Suspension ,Bismol Suspension 120ml,120ml,Rs.82.32
658,Lagita Advance Syp,Lagita Advance Syp,N/A,Rs.150.95
659,Gutcare Sachets,Gutcare Sachets,N/A,Rs.450.00
660,DIGAS ANTACID ,DIGAS ANTACID 120ML SUSP 1'S,120ML SUSP 1'S,Rs.130.00
661,Actiflor ,Actiflor 250mg Sachet,250mg Sachet,Rs.425.10
662,Enflor Capsules ,Enflor Capsules 10's,10's,Rs.472.00
663,Gaviscon Liquid ,Gaviscon Liquid 120ml,120ml,Rs.99.51
664,PANADOL ,PANADOL 120ML LIQUID 1'S,120ML LIQUID 1'S,Rs.97.96
665,Vicks Vaporub ,Vicks Vaporub 19gm,19gm,Rs.54.00
666,SAFETY ALCOHOL SWAP ,SAFETY ALCOHOL SWAP 200'S,200'S,Rs.2.00
667,Gaviscon Liqd Advance ,Gaviscon Liqd Advance 120 ml,120 ml,Rs.169.79
668,Panadol Infant Drops for babies ,"Panadol Infant Drops for babies , 2 months – 2 years for Fever relief, 30 ml","2 months – 2 years for Fever relief, 30 ml",Rs.71.00
669,Dvago Analgesic Balm ,Dvago Analgesic Balm 30g,30g,Rs.180.00
670,Mucaine Suspension ,Mucaine Suspension 120ml,120ml,Rs.64.25
671,Polyfax Oint Skin ,Polyfax Oint Skin 20g,20g,Rs.79.03
672,QARSHI JOH,QARSHI JOH. JOSHANDA REG 30'S,30'S,Rs.372.00
673,GRIPE WATER WOODWARDS ,GRIPE WATER WOODWARDS 1'S,1'S,Rs.85.50
674,QARSHI JOHAR JOSHANDA HONEY ,QARSHI JOHAR JOSHANDA HONEY 5'S,5'S,Rs.50.00
675,SHARBAT TOOT SIAH ,SHARBAT TOOT SIAH 120 ML,120 ML,Rs.100.00
676,WINTOGENO BALM ,WINTOGENO BALM 50G,50G,Rs.85.00
677,Voltral Emulgel ,Voltral Emulgel 2% 40gm,2% 40gm,Rs.390.00
678,Deep Heat ,Deep Heat 50g Cream,50g Cream,Rs.443.00
679,Voltral Emulgel ,Voltral Emulgel 1% 20g,1% 20g,Rs.139.00
680,QARSHI JOHAR JOSHANDA SUGAR FREE ,QARSHI JOHAR JOSHANDA SUGAR FREE 5'S,5'S,Rs.60.00
681,Deep Heat Spray ,Deep Heat Spray 150ml,150ml,Rs.750.00
682,Smecta Powder ,Smecta Powder 30's,30's,Rs.741.90
683,Ecotec Sachet ,Ecotec Sachet 10 S 10's,10 S 10's,Rs.706.00
684,Strepsils Honey and Lemon ,Strepsils Honey and Lemon 10 Lozenges,10 Lozenges,"Rs.1,500.00"
685,PANADOL FORTE SUSP ,PANADOL FORTE SUSP 90ML 1'S,90ML 1'S,Rs.76.34
686,Hamdard Sharbat Toot Siyah ,Hamdard Sharbat Toot Siyah 120ml,120ml,Rs.100.00
687,Vicks Vaporub ,Vicks Vaporub 19gm,19gm,Rs.54.00
688,Gaviscon Liquid ,Gaviscon Liquid 120ml,120ml,Rs.99.51
689,PANADOL ,PANADOL 120ML LIQUID 1'S,120ML LIQUID 1'S,Rs.97.96
690,SAFETY ALCOHOL SWAP ,SAFETY ALCOHOL SWAP 200'S,200'S,Rs.2.00
691,Gaviscon Liqd Advance ,Gaviscon Liqd Advance 120 ml,120 ml,Rs.169.79
692,Mucaine Suspension ,Mucaine Suspension 120ml,120ml,Rs.64.25
693,Polyfax Oint Skin ,Polyfax Oint Skin 20g,20g,Rs.79.03
694,SHARBAT TOOT SIAH ,SHARBAT TOOT SIAH 120 ML,120 ML,Rs.100.00
695,WINTOGENO BALM ,WINTOGENO BALM 50G,50G,Rs.85.00
696,QARSHI JOH,QARSHI JOH. JOSHANDA REG 30'S,30'S,Rs.372.00
697,Strepsils Honey and Lemon ,Strepsils Honey and Lemon 10 Lozenges,10 Lozenges,"Rs.1,500.00"
698,Voltral Emulgel ,Voltral Emulgel 2% 40gm,2% 40gm,Rs.390.00
699,Dvago Analgesic Balm ,Dvago Analgesic Balm 30g,30g,Rs.180.00
700,Panadol Infant Drops for babies ,"Panadol Infant Drops for babies , 2 months – 2 years for Fever relief, 30 ml","2 months – 2 years for Fever relief, 30 ml",Rs.71.00
701,QARSHI JOHAR JOSHANDA HONEY ,QARSHI JOHAR JOSHANDA HONEY 5'S,5'S,Rs.50.00
702,ENO SACHETS ,ENO SACHETS 12'S PACK LEMON,12'S PACK LEMON,Rs.102.00
703,Deep Heat ,Deep Heat 50g Cream,50g Cream,Rs.443.00
704,Ecotec Sachet ,Ecotec Sachet 10 S 10's,10 S 10's,Rs.706.00
705,QARSHI JOHAR JOSHANDA SUGAR FREE ,QARSHI JOHAR JOSHANDA SUGAR FREE 5'S,5'S,Rs.60.00
706,Voltral Emulgel ,Voltral Emulgel 1% 20g,1% 20g,Rs.139.00
707,Smecta Powder ,Smecta Powder 30's,30's,Rs.741.90
708,Deep Heat Spray ,Deep Heat Spray 150ml,150ml,Rs.750.00
709,QARSHI SHARBAT BANAFSHA ,QARSHI SHARBAT BANAFSHA 240ML,240ML,Rs.160.00
710,ENO SACHETS ,ENO SACHETS 12'S PACK ORANGE,12'S PACK ORANGE,Rs.8.55
711,CADBURY DAIRY MILK CHOCOLATE ,CADBURY DAIRY MILK CHOCOLATE 8.5G,8.5G,Rs.20.00
712,NESTLE MILO RTD ,NESTLE MILO RTD 180ML,180ML,Rs.50.00
713,NESTLE PURE LIFE BOTTLED DRINKING WATER - ,NESTLE PURE LIFE BOTTLED DRINKING WATER - 5 LITRE,5 LITRE,Rs.190.00
714,KNORR NOODLES CHATT PATTA ,KNORR NOODLES CHATT PATTA 66G,66G,Rs.45.00
715,NESTLE FRUITA VITALS CHAUNSA FRUIT NECTAR ,NESTLE FRUITA VITALS CHAUNSA FRUIT NECTAR 1000ML,1000ML,Rs.220.00
716,Lays Salt Chips ,Lays Salt Chips 40g,40g,Rs.30.00
717,Knorr Noodles Chicken ,Knorr Noodles Chicken 66g,66g,Rs.50.00
718,LAYS MASALA CHIPS ,LAYS MASALA CHIPS 40G,40G,Rs.30.00
719,NESTLE FRUITA VITALS CHAUNSA FRUIT NECTAR ,NESTLE FRUITA VITALS CHAUNSA FRUIT NECTAR 200ML,200ML,Rs.40.00
720,LAYS CHIPS YOGURT AND HERB ,LAYS CHIPS YOGURT AND HERB 27G,27G,Rs.20.00
721,Bisconni Novita Choco Wafer ,Bisconni Novita Choco Wafer 12's,12's,Rs.120.00
722,HASHMI ISPAGHOL ,HASHMI ISPAGHOL 100GM box,100GM box,Rs.240.00
723,LU Wheatable ,LU Wheatable (Family Pack),N/A,Rs.60.00
724,NESTLE FRUITA VITALS APPLE FRUIT NECTAR ,NESTLE FRUITA VITALS APPLE FRUIT NECTAR 200ML,200ML,Rs.40.00
725,GLAXOSE-D INSTANT POWDER ,GLAXOSE-D INSTANT POWDER 400G,400G,Rs.160.00
726,Glaxose-D Instant Powder ,Glaxose-D Instant Powder 100g,100g,Rs.60.00
727,AQUAFINA ,AQUAFINA 1.5LTR,1.5LTR,Rs.65.00
728,NESTLE PURE LIFE BOTTLED DRINKING WATER - ,NESTLE PURE LIFE BOTTLED DRINKING WATER - 1.5 LITRE,1.5 LITRE,Rs.65.00
729,Bisconi Chocolatto Biscuits Half Roll,Bisconi Chocolatto Biscuits Half Roll,N/A,Rs.120.00
730,Nestle Everyday Pouch Pack - ,Nestle Everyday Pouch Pack - 1000g,1000g,Rs.960.00
731,HASHMI ISPAGHOL ,HASHMI ISPAGHOL 90gm POUCH,90gm POUCH,Rs.240.00
732,KURKURE CHIPS CHATNI CHASKA ,KURKURE CHIPS CHATNI CHASKA 42G,42G,Rs.20.00
733,LAYS YOGURT AND HERB CHIPS ,LAYS YOGURT AND HERB CHIPS 70G,70G,Rs.50.00
734,LU Gala Biscuits Family Pack,LU Gala Biscuits Family Pack,N/A,Rs.50.00
735,NESTLE MILO RTD ,NESTLE MILO RTD 180ML,180ML,Rs.50.00
736,NESTLE PURE LIFE BOTTLED DRINKING WATER - ,NESTLE PURE LIFE BOTTLED DRINKING WATER - 5 LITRE,5 LITRE,Rs.190.00
737,NESTLE FRUITA VITALS CHAUNSA FRUIT NECTAR ,NESTLE FRUITA VITALS CHAUNSA FRUIT NECTAR 1000ML,1000ML,Rs.220.00
738,NESTLE FRUITA VITALS CHAUNSA FRUIT NECTAR ,NESTLE FRUITA VITALS CHAUNSA FRUIT NECTAR 200ML,200ML,Rs.40.00
739,NESTLE FRUITA VITALS APPLE FRUIT NECTAR ,NESTLE FRUITA VITALS APPLE FRUIT NECTAR 200ML,200ML,Rs.40.00
740,GLAXOSE-D INSTANT POWDER ,GLAXOSE-D INSTANT POWDER 400G,400G,Rs.160.00
741,Glaxose-D Instant Powder ,Glaxose-D Instant Powder 100g,100g,Rs.60.00
742,AQUAFINA ,AQUAFINA 1.5LTR,1.5LTR,Rs.65.00
743,NESTLE PURE LIFE BOTTLED DRINKING WATER - ,NESTLE PURE LIFE BOTTLED DRINKING WATER - 1.5 LITRE,1.5 LITRE,Rs.65.00
744,ENERGILE INSTANT POWDER ,ENERGILE INSTANT POWDER 400G,400G,Rs.180.00
745,DEXTRON-D GLUCOSE-D POWDER ,DEXTRON-D GLUCOSE-D POWDER 400G,400G,Rs.150.00
746,SLICE MANGO TETRA ,SLICE MANGO TETRA 200ML,200ML,Rs.30.00
747,,7UP 1000ml,7UP 1000ml,Rs.85.00
748,SLICE MANGO PET ,SLICE MANGO PET 1000ML,1000ML,Rs.120.00
749,NESTLE FRUITA VITALS GUAVA FRUIT NECTAR ,NESTLE FRUITA VITALS GUAVA FRUIT NECTAR 200ML,200ML,Rs.40.00
750,Pepsi Cola ,Pepsi Cola 500ml,500ml,Rs.6.00
751,NESTLE FRUITA VITALS RED GRAPE FRUIT DRINK ,NESTLE FRUITA VITALS RED GRAPE FRUIT DRINK 200ML,200ML,Rs.40.00
752,Nestle Fruita Vitals Kinnow Fruit Nectar ,Nestle Fruita Vitals Kinnow Fruit Nectar 200ml,200ml,Rs.40.00
753,,7UP 500ml,7UP 500ml,Rs.60.00
754,Coke ,Coke 1ltr,1ltr,Rs.90.00
755,Coke ,Coke 500ml,500ml,Rs.65.00
756,PEPSI ,PEPSI 2250ML,2250ML,Rs.150.00
757,Pepsi ,Pepsi 1000ml,1000ml,Rs.85.00
758,NESTLE PURE LIFE BOTTLED DRINKING WATER - ,NESTLE PURE LIFE BOTTLED DRINKING WATER - 0.5 LITRE,0.5 LITRE,Rs.35.00
759,Nestle Everyday Pouch Pack - ,Nestle Everyday Pouch Pack - 1000g,1000g,Rs.960.00
760,HASHMI ISPAGHOL ,HASHMI ISPAGHOL 100GM box,100GM box,Rs.240.00
761,HASHMI ISPAGHOL ,HASHMI ISPAGHOL 90gm POUCH,90gm POUCH,Rs.240.00
762,HASHMI ISPAGHOL ,HASHMI ISPAGHOL 50GM Box,50GM Box,Rs.130.00
763,hashmi ispaghol ,hashmi ispaghol 25gm Box,25gm Box,Rs.70.00
764,Carmina Plus Tablets,Carmina Plus Tablets,N/A,Rs.75.00
765,Nescafe Classic ,Nescafe Classic 50g,50g,Rs.457.00
766,CADBURY DAIRY MILK CHOCOLATE ,CADBURY DAIRY MILK CHOCOLATE 8.5G,8.5G,Rs.20.00
767,NESTLE MILO RTD ,NESTLE MILO RTD 180ML,180ML,Rs.50.00
768,NESTLE PURE LIFE BOTTLED DRINKING WATER - ,NESTLE PURE LIFE BOTTLED DRINKING WATER - 5 LITRE,5 LITRE,Rs.190.00
769,KNORR NOODLES CHATT PATTA ,KNORR NOODLES CHATT PATTA 66G,66G,Rs.45.00
770,NESTLE FRUITA VITALS CHAUNSA FRUIT NECTAR ,NESTLE FRUITA VITALS CHAUNSA FRUIT NECTAR 1000ML,1000ML,Rs.220.00
771,Lays Salt Chips ,Lays Salt Chips 40g,40g,Rs.30.00
772,Knorr Noodles Chicken ,Knorr Noodles Chicken 66g,66g,Rs.50.00
773,LAYS MASALA CHIPS ,LAYS MASALA CHIPS 40G,40G,Rs.30.00
774,NESTLE FRUITA VITALS CHAUNSA FRUIT NECTAR ,NESTLE FRUITA VITALS CHAUNSA FRUIT NECTAR 200ML,200ML,Rs.40.00
775,LAYS CHIPS YOGURT AND HERB ,LAYS CHIPS YOGURT AND HERB 27G,27G,Rs.20.00
776,Bisconni Novita Choco Wafer ,Bisconni Novita Choco Wafer 12's,12's,Rs.120.00
777,HASHMI ISPAGHOL ,HASHMI ISPAGHOL 100GM box,100GM box,Rs.240.00
778,LU Wheatable ,LU Wheatable (Family Pack),N/A,Rs.60.00
779,NESTLE FRUITA VITALS APPLE FRUIT NECTAR ,NESTLE FRUITA VITALS APPLE FRUIT NECTAR 200ML,200ML,Rs.40.00
780,GLAXOSE-D INSTANT POWDER ,GLAXOSE-D INSTANT POWDER 400G,400G,Rs.160.00
781,Glaxose-D Instant Powder ,Glaxose-D Instant Powder 100g,100g,Rs.60.00
782,AQUAFINA ,AQUAFINA 1.5LTR,1.5LTR,Rs.65.00
783,NESTLE PURE LIFE BOTTLED DRINKING WATER - ,NESTLE PURE LIFE BOTTLED DRINKING WATER - 1.5 LITRE,1.5 LITRE,Rs.65.00
784,Bisconi Chocolatto Biscuits Half Roll,Bisconi Chocolatto Biscuits Half Roll,N/A,Rs.120.00
785,Nestle Everyday Pouch Pack - ,Nestle Everyday Pouch Pack - 1000g,1000g,Rs.960.00
786,HASHMI ISPAGHOL ,HASHMI ISPAGHOL 90gm POUCH,90gm POUCH,Rs.240.00
787,KURKURE CHIPS CHATNI CHASKA ,KURKURE CHIPS CHATNI CHASKA 42G,42G,Rs.20.00
788,LAYS YOGURT AND HERB CHIPS ,LAYS YOGURT AND HERB CHIPS 70G,70G,Rs.50.00
789,LU Gala Biscuits Family Pack,LU Gala Biscuits Family Pack,N/A,Rs.50.00
790,Surbex-Z Tablets ,Surbex-Z Tablets 30's,30's,Rs.267.30
791,Cac,Cac1000 Plus Tab-Orange T 20's,1000 Plus Tab-Orange T 20's,Rs.395.00
792,Cac,Cac1000 Plus Tab-Orange T 10's,1000 Plus Tab-Orange T 10's,Rs.196.79
793,ENSURE POWDER ,ENSURE POWDER 400GM VANL 1'S,400GM VANL 1'S,"Rs.1,620.00"
794,CAC-,CAC-1000 PLUS TABLETS LEMON T-20,1000 PLUS TABLETS LEMON T-20,Rs.373.00
795,Cac,Cac1000 Plus Tab-Mango T 20's,1000 Plus Tab-Mango T 20's,Rs.374.00
796,CAC,CAC1000 PLS EFF COLA FLVT10'S,1000 PLS EFF COLA FLVT10'S,Rs.197.00
797,Cac,Cac1000 Plus Tab-Lemon T 10's,1000 Plus Tab-Lemon T 10's,Rs.196.80
798,CAC,CAC1000 PLUS TAB-MANGO T 10'S,1000 PLUS TAB-MANGO T 10'S,Rs.197.00
799,ENSURE POWDER ,ENSURE POWDER 400GM STRB 1'S,400GM STRB 1'S,"Rs.1,620.00"
800,PERFECTIL CAP ,PERFECTIL CAP 30'S,30'S,"Rs.1,100.00"
801,Pediasure Tripple Chocolate ,Pediasure Tripple Chocolate 400g,400g,"Rs.1,550.00"
802,ENSURE NUTRIVIGOR ,ENSURE NUTRIVIGOR 400GM 1'S,400GM 1'S,"Rs.1,940.00"
803,WELLWOMAN ORIGINAL CAP ,WELLWOMAN ORIGINAL CAP 1'S,1'S,"Rs.1,200.00"
804,BONCAL PLUS TABLETS ,BONCAL PLUS TABLETS 30'S,30'S,Rs.660.00
805,KIDZVITS MULTVTMN GUMMIES ,KIDZVITS MULTVTMN GUMMIES 1'S,1'S,Rs.700.00
806,GLUCERNA SHAKE ,GLUCERNA SHAKE 250ML,250ML,Rs.390.00
807,ENSURE PLUS NUTRITION SHAKE ,ENSURE PLUS NUTRITION SHAKE 250ML,250ML,Rs.390.00
808,Surbex-T Tablets ,Surbex-T Tablets 30's,30's,Rs.127.50
809,Hamdard Safi ,Hamdard Safi 175ml,175ml,Rs.80.00
810,Vitabiotics Pregnacare Before Conception Tablets ,Vitabiotics Pregnacare Before Conception Tablets 30s,30s,"Rs.2,250.00"
811,PREGNACARE CAPS ,PREGNACARE CAPS 30'S,30'S,"Rs.1,300.00"
812,Nature,Nature's Bounty Biotin 5000mcg 72 Softgels,5000mcg 72 Softgels,"Rs.3,288.24"
813,HealthAid Hair-Life ,HealthAid Hair-Life 30 Capsules,30 Capsules,"Rs.1,400.00"
814,Nutraxin Zinc ,Nutraxin Zinc 15mg,15mg,"Rs.2,000.00"
815,Nutraxin B Vitamin Complex Tablets ,Nutraxin B Vitamin Complex Tablets 60's,60's,"Rs.2,650.00"
816,NT Vitamin D,NT Vitamin D3 Drops,3 Drops,Rs.750.00
817,Nutraxin Vitamin C Tablets ,Nutraxin Vitamin C Tablets 28's,28's,"Rs.2,200.00"
818,Nutraxin D,Nutraxin D3 Vitamin1000IU Tablets 120's,3 Vitamin1000IU Tablets 120's,"Rs.2,000.00"
819,Nutraxin Vitamin B,Nutraxin Vitamin B12 Tablets 60's,12 Tablets 60's,"Rs.2,450.00"
820,NUTRAXIN PROPOLIS Spray,NUTRAXIN PROPOLIS Spray,N/A,"Rs.1,800.00"
821,Nutraxin Omega-,Nutraxin Omega-3 2000mg 60's,3 2000mg 60's,"Rs.3,350.00"
822,Nutraxin Multivitamin Complex Men ,Nutraxin Multivitamin Complex Men 60's,60's,"Rs.3,100.00"
823,Nutraxin Multivitamin Complex Women ,Nutraxin Multivitamin Complex Women 60's,60's,"Rs.2,990.00"
824,Nutraxin Magnesium ,Nutraxin Magnesium 250mg 60's,250mg 60's,"Rs.2,650.00"
825,Nutraxin L-Carnitine ,Nutraxin L-Carnitine 700mg Tablets 60's,700mg Tablets 60's,"Rs.4,500.00"
826,Nutraxin L-Carnitine ,Nutraxin L-Carnitine 1500mg,1500mg,"Rs.4,500.00"
827,Nutraxin Immun-S Tablets ,Nutraxin Immun-S Tablets 60's,60's,"Rs.3,200.00"
828,Nutraxin CoQ-,Nutraxin CoQ-10 100mg Tablets 30's,10 100mg Tablets 30's,"Rs.2,850.00"
829,NT BIOTIN ,NT BIOTIN 5000MCG 30TAB,5000MCG 30TAB,"Rs.2,000.00"
830,Nutraxin Biotin ,Nutraxin Biotin 2500mcg Tablets 50's,2500mcg Tablets 50's,"Rs.1,850.00"
831,Nutraxin B-One Formula Tablets ,Nutraxin B-One Formula Tablets 90's,90's,"Rs.3,350.00"
832,Nutraxin Artroflex HYAC-II Tablets ,Nutraxin Artroflex HYAC-II Tablets 90's,90's,"Rs.4,000.00"
833,Nutraxin A-OXI Formula Tablets ,Nutraxin A-OXI Formula Tablets 60's,60's,"Rs.3,400.00"
834,Meiji Big Soft Pack ,Meiji Big Soft Pack 200g,200g,Rs.640.00
835,MULTI BIES TAB ,MULTI BIES TAB 3'S,3'S,Rs.559.80
836,Cal-Bies Plus Tablets ,Cal-Bies Plus Tablets 30's,30's,Rs.585.00
837,BEAUTY ELIXIR ZINC ,BEAUTY ELIXIR ZINC +C 1'S,1'S,Rs.750.00
838,Cac,Cac1000 Plus Tab-Orange T 20's,1000 Plus Tab-Orange T 20's,Rs.395.00
839,Cac,Cac1000 Plus Tab-Orange T 10's,1000 Plus Tab-Orange T 10's,Rs.196.79
840,CAC-,CAC-1000 PLUS TABLETS LEMON T-20,1000 PLUS TABLETS LEMON T-20,Rs.373.00
841,Cac,Cac1000 Plus Tab-Mango T 20's,1000 Plus Tab-Mango T 20's,Rs.374.00
842,CAC,CAC1000 PLS EFF COLA FLVT10'S,1000 PLS EFF COLA FLVT10'S,Rs.197.00
843,Cac,Cac1000 Plus Tab-Lemon T 10's,1000 Plus Tab-Lemon T 10's,Rs.196.80
844,CAC,CAC1000 PLUS TAB-MANGO T 10'S,1000 PLUS TAB-MANGO T 10'S,Rs.197.00
845,Abocal Tab Effervescent ,Abocal Tab Effervescent 10's,10's,Rs.196.80
846,Calcite ,Calcite 600mg Tablets 30's,600mg Tablets 30's,Rs.840.00
847,Calcee -,Calcee -500 Powd 10's,500 Powd 10's,Rs.103.00
848,HealthAid Osteovit-D Calcium Plus ,HealthAid Osteovit-D Calcium Plus 30 Tablets,30 Tablets,"Rs.1,100.00"
849,PLANTCAL TAB ,PLANTCAL TAB 1'S,1'S,Rs.750.00
850,CALCIUM-P ,CALCIUM-P 110ML SYP 1'S,110ML SYP 1'S,Rs.77.70
851,Nature,Nature's Bounty Calcium Magnesium Zinc 100 Coated Caplets,100 Coated Caplets,"Rs.4,111.76"
852,Calcibet Ointment,Calcibet Ointment,N/A,Rs.728.00
853,Calcee Plus Powder ,Calcee Plus Powder 10's,10's,Rs.176.98
854,Calcidin Tablets,Calcidin Tablets,N/A,Rs.550.00
855,Calcite ,Calcite 600 Syp,600 Syp,Rs.330.00
856,Vitabiotics Jointace Rose Hip Tablets ,Vitabiotics Jointace Rose Hip Tablets 30's,30's,"Rs.1,000.00"
857,Plantcal Insta Sachet ,Plantcal Insta Sachet 10's,10's,Rs.250.00
858,HealthAid Osteoflex Cream ,HealthAid Osteoflex Cream 100ml,100ml,"Rs.1,300.00"
859,Natures Bounty Calcium ,Natures Bounty Calcium 600 With Vitamin D3 250 Tablets,600 With Vitamin D3 250 Tablets,"Rs.5,300.00"
860,HealthAid Calcium Complete ,HealthAid Calcium Complete 800mg 120 Tablets,800mg 120 Tablets,"Rs.1,510.00"
861,Calci Lock-D ,Calci Lock-D 20Caps,20Caps,Rs.0.00
862,ENSURE POWDER ,ENSURE POWDER 400GM VANL 1'S,400GM VANL 1'S,"Rs.1,620.00"
863,ENSURE POWDER ,ENSURE POWDER 400GM STRB 1'S,400GM STRB 1'S,"Rs.1,620.00"
864,Pediasure Tripple Chocolate ,Pediasure Tripple Chocolate 400g,400g,"Rs.1,550.00"
865,ENSURE NUTRIVIGOR ,ENSURE NUTRIVIGOR 400GM 1'S,400GM 1'S,"Rs.1,940.00"
866,GLUCERNA SHAKE ,GLUCERNA SHAKE 250ML,250ML,Rs.390.00
867,ENSURE PLUS NUTRITION SHAKE ,ENSURE PLUS NUTRITION SHAKE 250ML,250ML,Rs.390.00
868,Nestle Resource Diabetes ,Nestle Resource Diabetes 400g,400g,"Rs.3,499.00"
869,Nestle Resource Optimum ,Nestle Resource Optimum 400g,400g,"Rs.2,800.00"
870,Nestle Isocal ,Nestle Isocal 425g,425g,"Rs.3,364.00"
871,Nestle Peptamen ,Nestle Peptamen 430g,430g,"Rs.4,360.00"
872,Nutrement Milk Based Powder ,Nutrement Milk Based Powder 400g,400g,"Rs.1,900.00"
873,MORINAGA CHIL-SCHOOL GROWING UP MILK VANILLA ,MORINAGA CHIL-SCHOOL GROWING UP MILK VANILLA 300G,300G,Rs.650.00
874,Surbex-Z Tablets ,Surbex-Z Tablets 30's,30's,Rs.267.30
875,Cac,Cac1000 Plus Tab-Orange T 20's,1000 Plus Tab-Orange T 20's,Rs.395.00
876,Cac,Cac1000 Plus Tab-Orange T 10's,1000 Plus Tab-Orange T 10's,Rs.196.79
877,ENSURE POWDER ,ENSURE POWDER 400GM VANL 1'S,400GM VANL 1'S,"Rs.1,620.00"
878,CAC-,CAC-1000 PLUS TABLETS LEMON T-20,1000 PLUS TABLETS LEMON T-20,Rs.373.00
879,Cac,Cac1000 Plus Tab-Mango T 20's,1000 Plus Tab-Mango T 20's,Rs.374.00
880,CAC,CAC1000 PLS EFF COLA FLVT10'S,1000 PLS EFF COLA FLVT10'S,Rs.197.00
881,Cac,Cac1000 Plus Tab-Lemon T 10's,1000 Plus Tab-Lemon T 10's,Rs.196.80
882,CAC,CAC1000 PLUS TAB-MANGO T 10'S,1000 PLUS TAB-MANGO T 10'S,Rs.197.00
883,ENSURE POWDER ,ENSURE POWDER 400GM STRB 1'S,400GM STRB 1'S,"Rs.1,620.00"
884,PERFECTIL CAP ,PERFECTIL CAP 30'S,30'S,"Rs.1,100.00"
885,Pediasure Tripple Chocolate ,Pediasure Tripple Chocolate 400g,400g,"Rs.1,550.00"
886,ENSURE NUTRIVIGOR ,ENSURE NUTRIVIGOR 400GM 1'S,400GM 1'S,"Rs.1,940.00"
887,WELLWOMAN ORIGINAL CAP ,WELLWOMAN ORIGINAL CAP 1'S,1'S,"Rs.1,200.00"
888,BONCAL PLUS TABLETS ,BONCAL PLUS TABLETS 30'S,30'S,Rs.660.00
889,KIDZVITS MULTVTMN GUMMIES ,KIDZVITS MULTVTMN GUMMIES 1'S,1'S,Rs.700.00
890,GLUCERNA SHAKE ,GLUCERNA SHAKE 250ML,250ML,Rs.390.00
891,ENSURE PLUS NUTRITION SHAKE ,ENSURE PLUS NUTRITION SHAKE 250ML,250ML,Rs.390.00
892,Surbex-T Tablets ,Surbex-T Tablets 30's,30's,Rs.127.50
893,Hamdard Safi ,Hamdard Safi 175ml,175ml,Rs.80.00
894,Vitabiotics Pregnacare Before Conception Tablets ,Vitabiotics Pregnacare Before Conception Tablets 30s,30s,"Rs.2,250.00"
895,PREGNACARE CAPS ,PREGNACARE CAPS 30'S,30'S,"Rs.1,300.00"
896,Nature,Nature's Bounty Biotin 5000mcg 72 Softgels,5000mcg 72 Softgels,"Rs.3,288.24"
897,HealthAid Hair-Life ,HealthAid Hair-Life 30 Capsules,30 Capsules,"Rs.1,400.00"
898,Digital Thermometer,Digital Thermometer(Jum)Mt4013,4013,Rs.560.00
899,Accu-Check Performa ,Accu-Check Performa 50 Strips,50 Strips,"Rs.1,375.00"
900,Abbot Freestyle Optium ,Abbot Freestyle Optium 50 Strips,50 Strips,"Rs.1,595.00"
901,Accu-Chek Active ,Accu-Chek Active 50 Strips,50 Strips,"Rs.1,345.00"
902,Evocheck Blood Glucose Test Strips GS,Evocheck Blood Glucose Test Strips GS700 50 Strips,700 50 Strips,"Rs.1,450.00"
903,ACCU-CHECK INSTANT ,ACCU-CHECK INSTANT 50 STRIPS,50 STRIPS,"Rs.1,375.00"
904,Medisign Test Strip ,Medisign Test Strip 50's,50's,"Rs.1,500.00"
905,Accu-Chek Performa ,Accu-Chek Performa 100 Strips 50x2,100 Strips 50x2,"Rs.2,500.00"
906,Certeza Nebulizer Machne NB,Certeza Nebulizer Machne NB605,605,"Rs.2,600.00"
907,Beurer Wrist Blood Pressure Monitor BC,Beurer Wrist Blood Pressure Monitor BC28,28,"Rs.4,000.00"
908,Certeza Aneroid Sphygomanometer CR,Certeza Aneroid Sphygomanometer CR1002,1002,"Rs.1,700.00"
909,Abbot Freestyle Optium ,Abbot Freestyle Optium 100 Strips,100 Strips,"Rs.2,800.00"
910,Medisign Steam Inhaler,Medisign Steam Inhaler,N/A,"Rs.2,300.00"
911,Senior Steam Inhaler,Senior Steam Inhaler,N/A,"Rs.5,200.00"
912,Accu-Chek Active Blood Glucose Meter Kit,Accu-Chek Active Blood Glucose Meter Kit,N/A,"Rs.3,530.00"
913,Certeza Air Humidifier HF,Certeza Air Humidifier HF507,507,"Rs.5,500.00"
914,Accu-Chek Performa ,Accu-Chek Performa 25 Strips,25 Strips,Rs.875.00
915,UPPER ARM B,UPPER ARM B.P. APPARATUS BM28,28,"Rs.6,000.00"
916,Certeza Adult Stethoscope CR,Certeza Adult Stethoscope CR747X,747X,"Rs.1,050.00"
917,Beurer Mechanical Personal Bathroom Scale MS,Beurer Mechanical Personal Bathroom Scale MS01,01,"Rs.3,000.00"
918,Accu-Chek Instant ,Accu-Chek Instant 25 Strips,25 Strips,Rs.875.00
919,Novopen ,Novopen 4,4,"Rs.1,638.00"
920,Beurer Personal Bathroom Scale PS,Beurer Personal Bathroom Scale PS160,160,"Rs.4,250.00"
921,Medisign Dual Head Stethoscope MC,Medisign Dual Head Stethoscope MC3012,3012,Rs.760.00
922,Senior Steam Inhaler,Senior Steam Inhaler,N/A,"Rs.5,200.00"
923,Certeza Air Humidifier HF,Certeza Air Humidifier HF507,507,"Rs.5,500.00"
924,Certeza Dual Head Stethoscope CR,Certeza Dual Head Stethoscope CR3002,3002,Rs.550.00
925,Beurer Digital Tens,Beurer Digital Tens/Ems Unit EM49,49,"Rs.10,000.00"
926,Safety Nebulizer Machine,Safety Nebulizer Machine,N/A,"Rs.3,500.00"
927,Beurer Personal Tapping Massager MG,Beurer Personal Tapping Massager MG55,55,"Rs.7,500.00"
928,Beurer Mini Massager MG,Beurer Mini Massager MG16,16,"Rs.2,500.00"
929,Beurer Spa Mini Massager MG,Beurer Spa Mini Massager MG17,17,"Rs.2,000.00"
930,IL,IL11 INFRARED LAMP 100WATTS 1S,11 INFRARED LAMP 100WATTS 1S,"Rs.3,000.00"
931,LB,LB37 AIR HUMIDIFIER 1'S,37 AIR HUMIDIFIER 1'S,"Rs.8,750.00"
932,CH,CH650 WRIST B.P MONITOR 1'S,650 WRIST B.P MONITOR 1'S,"Rs.4,800.00"
933,Beurer Facial Sauna With Steam Inhaler FS,Beurer Facial Sauna With Steam Inhaler FS50,50,"Rs.9,500.00"
934,Beurer Lady Shaver HL,Beurer Lady Shaver HL35,35,"Rs.6,000.00"
935,Beurer Infrared Massager MG,Beurer Infrared Massager MG21,21,"Rs.4,000.00"
936,SENIOR B,SENIOR B.P DAIL 1'S,1'S,"Rs.1,200.00"
937,Beurer Blood Glucose Monitor GL,Beurer Blood Glucose Monitor GL44,44,"Rs.2,300.00"
938,Beurer Infrared Massager MG,Beurer Infrared Massager MG40,40,"Rs.5,000.00"
939,Beurer Illuminated Cosmetics Mirror BS,Beurer Illuminated Cosmetics Mirror BS49,49,"Rs.4,000.00"
940,Beurer Travel Hair Dryer HC,Beurer Travel Hair Dryer HC25,25,"Rs.5,000.00"
941,Beurer Illuminated Cosmetics Mirror With Powerbank BS,Beurer Illuminated Cosmetics Mirror With Powerbank BS39,39,"Rs.4,500.00"
942,Elbow Sleeve ,Elbow Sleeve (M),N/A,"Rs.1,133.00"
943,Evocheck Glucos Met ,Evocheck Glucos Met 700S,700S,"Rs.2,200.00"
944,Digital Thermometer,Digital Thermometer(Jum)Mt4013,4013,Rs.560.00
945,Accu-Check Performa ,Accu-Check Performa 50 Strips,50 Strips,"Rs.1,375.00"
946,Abbot Freestyle Optium ,Abbot Freestyle Optium 50 Strips,50 Strips,"Rs.1,595.00"
947,Accu-Chek Active ,Accu-Chek Active 50 Strips,50 Strips,"Rs.1,345.00"
948,Evocheck Blood Glucose Test Strips GS,Evocheck Blood Glucose Test Strips GS700 50 Strips,700 50 Strips,"Rs.1,450.00"
949,ACCU-CHECK INSTANT ,ACCU-CHECK INSTANT 50 STRIPS,50 STRIPS,"Rs.1,375.00"
950,Medisign Test Strip ,Medisign Test Strip 50's,50's,"Rs.1,500.00"
951,Accu-Chek Performa ,Accu-Chek Performa 100 Strips 50x2,100 Strips 50x2,"Rs.2,500.00"
952,Certeza Nebulizer Machne NB,Certeza Nebulizer Machne NB605,605,"Rs.2,600.00"
953,Beurer Wrist Blood Pressure Monitor BC,Beurer Wrist Blood Pressure Monitor BC28,28,"Rs.4,000.00"
954,Certeza Aneroid Sphygomanometer CR,Certeza Aneroid Sphygomanometer CR1002,1002,"Rs.1,700.00"
955,Abbot Freestyle Optium ,Abbot Freestyle Optium 100 Strips,100 Strips,"Rs.2,800.00"
956,Medisign Steam Inhaler,Medisign Steam Inhaler,N/A,"Rs.2,300.00"
957,Accu-Chek Active Blood Glucose Meter Kit,Accu-Chek Active Blood Glucose Meter Kit,N/A,"Rs.3,530.00"
958,Accu-Chek Performa ,Accu-Chek Performa 25 Strips,25 Strips,Rs.875.00
959,UPPER ARM B,UPPER ARM B.P. APPARATUS BM28,28,"Rs.6,000.00"
960,Certeza Adult Stethoscope CR,Certeza Adult Stethoscope CR747X,747X,"Rs.1,050.00"
961,Beurer Mechanical Personal Bathroom Scale MS,Beurer Mechanical Personal Bathroom Scale MS01,01,"Rs.3,000.00"
962,Accu-Chek Instant ,Accu-Chek Instant 25 Strips,25 Strips,Rs.875.00
963,Novopen ,Novopen 4,4,"Rs.1,638.00"
964,Beurer Personal Bathroom Scale PS,Beurer Personal Bathroom Scale PS160,160,"Rs.4,250.00"
965,Medisign Dual Head Stethoscope MC,Medisign Dual Head Stethoscope MC3012,3012,Rs.760.00
966,Medisign Smart Nebulizer,Medisign Smart Nebulizer,N/A,"Rs.3,320.00"
967,Ezy Dose Original Pill Cutter,Ezy Dose Original Pill Cutter,N/A,Rs.350.00
968,Ezy Dose Pill Cutter With Safety Shield,Ezy Dose Pill Cutter With Safety Shield,N/A,Rs.685.00
969,Ezy Dose Weekly Classic Pill Planner,Ezy Dose Weekly Classic Pill Planner,N/A,Rs.320.00
970,Ezy Dose Ezy Crush Pill Crusher,Ezy Dose Ezy Crush Pill Crusher,N/A,Rs.680.00
971,Ezy Dose Pocket Pill Caddy,Ezy Dose Pocket Pill Caddy,N/A,Rs.200.00
972,Ezy Dose Weekly ,Ezy Dose Weekly 7-Day Classic Pill Organizer And Planner Extra Large,7-Day Classic Pill Organizer And Planner Extra Large,Rs.395.00
973,Ezy-Dose Medtime Planner Four-A-Day Weekly Pack Of ,Ezy-Dose Medtime Planner Four-A-Day Weekly Pack Of 2,2,"Rs.1,000.00"
974,Ezy Dose Magnifying Pill Cutter,Ezy Dose Magnifying Pill Cutter,N/A,Rs.485.00
975,Ezy Dose ,Ezy Dose 7 Day Family Designs Pill Planner,7 Day Family Designs Pill Planner,Rs.380.00
976,,67583 Push Button Planner,67583 Push Button Planner,"Rs.2,340.00"
977,Ezy Dose Classic Pill Planner Small,Ezy Dose Classic Pill Planner Small,N/A,Rs.300.00
978,Ezy Dose Medtime Pill Organizer ,Ezy Dose Medtime Pill Organizer 1 Each,1 Each,"Rs.1,020.00"
979,Ezy Dose Locking Weekly ,Ezy Dose Locking Weekly 7-Day Pill Planner & Organizer,7-Day Pill Planner & Organizer,Rs.300.00
980,,02814 Premium Water Bottle,02814 Premium Water Bottle,"Rs.1,445.00"
981,EZY DOSE POCKET PILL CADDY ,EZY DOSE POCKET PILL CADDY 2 COUNT,2 COUNT,Rs.420.00
982,Ezy Dose Weekly ,Ezy Dose Weekly 7-Day Push N' Pop Pill Planner,7-Day Push N' Pop Pill Planner,Rs.650.00
983,Flents Weekly AM,Flents Weekly AM/PM Travel Pill Organizer And Planner,N/A,"Rs.1,120.00"
984,Digital Thermometer,Digital Thermometer(Jum)Mt4013,4013,Rs.560.00
985,Accu-Check Performa ,Accu-Check Performa 50 Strips,50 Strips,"Rs.1,375.00"
986,Abbot Freestyle Optium ,Abbot Freestyle Optium 50 Strips,50 Strips,"Rs.1,595.00"
987,Accu-Chek Active ,Accu-Chek Active 50 Strips,50 Strips,"Rs.1,345.00"
988,Evocheck Blood Glucose Test Strips GS,Evocheck Blood Glucose Test Strips GS700 50 Strips,700 50 Strips,"Rs.1,450.00"
989,ACCU-CHECK INSTANT ,ACCU-CHECK INSTANT 50 STRIPS,50 STRIPS,"Rs.1,375.00"
990,Medisign Test Strip ,Medisign Test Strip 50's,50's,"Rs.1,500.00"
991,Accu-Chek Performa ,Accu-Chek Performa 100 Strips 50x2,100 Strips 50x2,"Rs.2,500.00"
992,Certeza Nebulizer Machne NB,Certeza Nebulizer Machne NB605,605,"Rs.2,600.00"
993,Beurer Wrist Blood Pressure Monitor BC,Beurer Wrist Blood Pressure Monitor BC28,28,"Rs.4,000.00"
994,Certeza Aneroid Sphygomanometer CR,Certeza Aneroid Sphygomanometer CR1002,1002,"Rs.1,700.00"
995,Abbot Freestyle Optium ,Abbot Freestyle Optium 100 Strips,100 Strips,"Rs.2,800.00"
996,Medisign Steam Inhaler,Medisign Steam Inhaler,N/A,"Rs.2,300.00"
997,Senior Steam Inhaler,Senior Steam Inhaler,N/A,"Rs.5,200.00"
998,Accu-Chek Active Blood Glucose Meter Kit,Accu-Chek Active Blood Glucose Meter Kit,N/A,"Rs.3,530.00"
999,Certeza Air Humidifier HF,Certeza Air Humidifier HF507,507,"Rs.5,500.00"
1000,Accu-Chek Performa ,Accu-Chek Performa 25 Strips,25 Strips,Rs.875.00
1001,UPPER ARM B,UPPER ARM B.P. APPARATUS BM28,28,"Rs.6,000.00"
1002,Certeza Adult Stethoscope CR,Certeza Adult Stethoscope CR747X,747X,"Rs.1,050.00"
1003,Beurer Mechanical Personal Bathroom Scale MS,Beurer Mechanical Personal Bathroom Scale MS01,01,"Rs.3,000.00"
1004,Accu-Chek Instant ,Accu-Chek Instant 25 Strips,25 Strips,Rs.875.00
1005,Novopen ,Novopen 4,4,"Rs.1,638.00"
1006,Beurer Personal Bathroom Scale PS,Beurer Personal Bathroom Scale PS160,160,"Rs.4,250.00"
1007,Medisign Dual Head Stethoscope MC,Medisign Dual Head Stethoscope MC3012,3012,Rs.760.00
1008,DETTOL SOLUTION ,DETTOL SOLUTION 100ML,100ML,Rs.250.00
1009,COOL & COOL TRAVELLING WIPES ,COOL & COOL TRAVELLING WIPES 30 COUNT,30 COUNT,Rs.250.00
1010,Rose petal Moxob Single,Rose petal Moxob Single,N/A,Rs.60.00
1011,Cool & Cool Adult Alcohol Wipes ,Cool & Cool Adult Alcohol Wipes 72's,72's,Rs.900.00
1012,Dettol Germ Busting Kit ,Dettol Germ Busting Kit 1s,1s,Rs.995.00
1013,COOL & COOL SENSITIVE WIPES ,COOL & COOL SENSITIVE WIPES 30 COUNT,30 COUNT,Rs.250.00
1014,Dettol Hand Wash Original ,Dettol Hand Wash Original 250ml,250ml,Rs.290.00
1015,Harpic Toilet Clean ,Harpic Toilet Clean 250ml- Pack of 3,250ml- Pack of 3,Rs.297.00
1016,C&C Sanitizing ,C&C Sanitizing 40 Wipes,40 Wipes,Rs.765.00
1017,Dettol Germ Busting Kit ,Dettol Germ Busting Kit 1s,1s,Rs.995.00
1018,COOL & COOL TRAVELLING WIPES ,COOL & COOL TRAVELLING WIPES 30 COUNT,30 COUNT,Rs.250.00
1019,Rose petal Moxob Single,Rose petal Moxob Single,N/A,Rs.60.00
1020,Cool & Cool Adult Alcohol Wipes ,Cool & Cool Adult Alcohol Wipes 72's,72's,Rs.900.00
1021,COOL & COOL SENSITIVE WIPES ,COOL & COOL SENSITIVE WIPES 30 COUNT,30 COUNT,Rs.250.00
1022,C&C Sanitizing ,C&C Sanitizing 40 Wipes,40 Wipes,Rs.765.00
1023,Harpic Toilet Clean ,Harpic Toilet Clean 250ml- Pack of 3,250ml- Pack of 3,Rs.297.00
1024,DETTOL SOLUTION ,DETTOL SOLUTION 100ML,100ML,Rs.250.00
1025,COOL & COOL TRAVELLING WIPES ,COOL & COOL TRAVELLING WIPES 30 COUNT,30 COUNT,Rs.250.00
1026,Rose petal Moxob Single,Rose petal Moxob Single,N/A,Rs.60.00
1027,Cool & Cool Adult Alcohol Wipes ,Cool & Cool Adult Alcohol Wipes 72's,72's,Rs.900.00
1028,Dettol Germ Busting Kit ,Dettol Germ Busting Kit 1s,1s,Rs.995.00
1029,COOL & COOL SENSITIVE WIPES ,COOL & COOL SENSITIVE WIPES 30 COUNT,30 COUNT,Rs.250.00
1030,Dettol Hand Wash Original ,Dettol Hand Wash Original 250ml,250ml,Rs.290.00
1031,Harpic Toilet Clean ,Harpic Toilet Clean 250ml- Pack of 3,250ml- Pack of 3,Rs.297.00
1032,C&C Sanitizing ,C&C Sanitizing 40 Wipes,40 Wipes,Rs.765.00
